name,fMF,nHBAcc,nHBDon,Lipinski,GhoseFilter,apol,bpol,Vabc,MW,AMW
CN1C(=S)S\\C(=C\\c2cc(C)c(s2)-c2ccc(s2)-c2sc(cc2C)-c2cc3c4nsnc4c(cc3c3nsnc23)-c2cc(C)c(s2)-c2ccc(s2)-c2sc(cc2C)-c2cc3c(-c4ccc(C)s4)c4sc(cc4c(-c4ccc(C)s4)c3s2)-c2cc(C)c(s2)-c2ccc(s2)-c2sc(cc2C)-c2cc3c4nsnc4c(cc3c3nsnc23)-c2cc(C)c(s2)-c2ccc(s2)-c2sc(\\C=C3\\SC(=S)N(C)C3=O)cc2C)C1=O,0.6116504854368932,34,0,0,0,301.8987519999985,135.06124800000018,1667.838824121001,2275.851075287987,11.04782075382518
CN1C(=S)S\\C(=C/c2cc(C)c(s2)-c2ccc(s2)-c2sc(cc2C)-c2cc3c(-c4cc(F)c(C)s4)c4sc(cc4c(-c4cc(F)c(C)s4)c3s2)-c2cc(C)c(s2)-c2ccc(s2)-c2sc(\\C=C3/SC(=S)N(C)C3=O)cc2C)C1=O,0.5517241379310345,16,0,0,0,167.7161340000005,77.4838660000001,970.8406796682301,1279.8991288960008,11.033613180137937
CSc1ccc(s1)-c1c2cc(sc2c(-c2ccc(SC)s2)c2cc(sc12)-c1cc(C)c(s1)-c1ccc(s1)-c1sc(cc1C)-c1cc2c3nsnc3c(cc2c2nsnc12)-c1cc(C)c(s1)-c1ccc(s1)-c1sc(\\C=C2/SC(=S)N(C)C2=O)cc1C)-c1cc(C)c(s1)-c1ccc(s1)-c1sc(cc1C)-c1cc2c3nsnc3c(cc2c2nsnc12)-c1cc(C)c(s1)-c1ccc(s1)-c1sc(\\C=C2/SC(=S)N(C)C2=O)cc1C,0.6057692307692307,36,0,0,0,307.6987519999986,139.9812480000002,1704.8568730696302,2339.795217287987,11.249015467730706
CN1C(=S)S\\C(=C/c2cc(C)c(s2)-c2ccc(s2)-c2sc(cc2C)-c2cc3c(-c4ccc(C)s4)c4sc(cc4c(-c4ccc(C)s4)c3s2)-c2cc(C)c(s2)-c2ccc(s2)-c2sc(\\C=C3/SC(=S)N(C)C3=O)cc2C)C1=O,0.5517241379310345,16,0,0,0,167.93572000000052,77.26428000000011,958.7055617606146,1243.917972520001,10.723430797586216
CSc1ccc(s1)-c1c2cc(sc2c(-c2ccc(SC)s2)c2cc(sc12)-c1cc(C)c(s1)-c1ccc(s1)-c1sc(\\C=C2/SC(=S)N(C)C2=O)cc1C)-c1cc(C)c(s1)-c1ccc(s1)-c1sc(\\C=C2/SC(=S)N(C)C2=O)cc1C,0.5423728813559322,18,0,0,0,173.73572000000053,82.18428000000011,995.7236107092432,1307.8621145200011,11.083577241694925
Cc1ccc(s1)-c1ccc(s1)-c1c(F)c(F)c(-c2ccc([se]2)-c2cc3c(s2)-c2cc4c(cc2C3(C)C)-c2sc(cc2C4(C)C)-c2ccc(s2)-c2c(F)c(F)c(-c3ccc(s3)-c3cc4c(s3)-c3cc5c(cc3C4(C)C)-c3sc(cc3C5(C)C)-c3ccc([se]3)-c3c(F)c(F)c(-c4ccc(s4)-c4ccc(C)s4)c4nsnc34)c3nsnc23)c2nsnc12,0.5953757225433526,19,0,0,0,244.82882200000037,108.07117800000015,1363.125868496168,1931.901380648001,11.16706000374567
Cc1ccc(s1)-c1ccc(s1)-c1c(F)c(F)c(-c2ccc(s2)-c2cc3c(s2)-c2cc4c(cc2C3(C)C)-c2sc(cc2C4(C)C)-c2ccc(s2)-c2c(F)c(F)c(-c3ccc(s3)-c3cc4c(s3)-c3cc5c(cc3C4(C)C)-c3sc(cc3C5(C)C)-c3ccc(s3)-c3c(F)c(F)c(-c4ccc(s4)-c4ccc(C)s4)c4nsnc34)c3nsnc23)c2nsnc12,0.5953757225433526,21,0,0,0,243.0888220000004,104.59117800000014,1354.5220934155368,1836.012480048001,10.612788902011566
CN1C(=S)S\\C(=C/c2ccc(s2)-c2sc(cc2C)-c2sc(cc2C)-c2cc3c(-c4cc(C)c(C)s4)c4sc(cc4c(-c4cc(C)c(C)s4)c3s2)-c2cc(C)c(s2)-c2cc(C)c(s2)-c2ccc(\\C=C3/SC(=S)N(C)C3=O)s2)C1=O,0.5245901639344263,16,0,0,0,173.9428920000006,81.27710800000013,993.2975322083292,1271.949272648001,10.425813710229516
Cc1ccc(s1)-c1ccc(s1)-c1c(F)c(F)c(-c2ccc([se]2)-c2cc3c(s2)-c2cc4c(cc2C3(C)C)-c2sc(cc2C4(C)C)-c2ccc([se]2)-c2c(F)c(F)c(-c3ccc([se]3)-c3cc4c(s3)-c3cc5c(cc3C4(C)C)-c3sc(cc3C5(C)C)-c3ccc([se]3)-c3c(F)c(F)c(-c4ccc(s4)-c4ccc(C)s4)c4nsnc34)c3nn(C)nc23)c2nsnc12,0.5819209039548022,17,0,0,0,248.43920100000037,111.53079900000017,1381.5133649240622,2024.844759344001,11.439800900248594
Cc1ccc(s1)-c1ccc(s1)-c1c(F)c(F)c(-c2ccc(s2)-c2cc3c(s2)-c2cc4c(cc2C3(C)C)-c2sc(cc2C4(C)C)-c2ccc(s2)-c2c(F)c(F)c(-c3ccc(s3)-c3ccc(C)s3)c3nsnc23)c2nsnc12,0.6,14,0,0,0,155.15896200000049,67.7210380000001,866.8398490755637,1181.9926699680009,10.745387908800009
CN1C(=S)S\\C(=C/c2cc(C)c(s2)-c2ccc(s2)-c2sc(cc2C)-c2cc3c(-c4cc5sc(C)cc5s4)c4sc(cc4c(-c4cc5sc(C)cc5s4)c3s2)-c2cc(C)c(s2)-c2ccc(s2)-c2sc(\\C=C3/SC(=S)N(C)C3=O)cc2C)C1=O,0.5737704918032787,18,0,0,0,180.41572000000048,82.18428000000011,1013.1217158137054,1355.862114520001,11.113623889508204
COc1c2cc(sc2c(OC)c2cc(sc12)-c1sc(\\C=C2/SC(=S)N(C)C2=O)c2sc(C)cc12)-c1sc(\\C=C2/SC(=S)N(C)C2=O)c2sc(C)cc12,0.5263157894736842,14,0,0,0,110.53103200000002,54.84496800000008,641.1286681098629,867.8943172480009,11.419662069052643
Cc1ccc(s1)-c1ccc(s1)-c1c(F)c(F)c(-c2ccc(s2)-c2cc3c(s2)-c2cc4c(cc2C3(C)C)-c2sc(cc2C4(C)C)-c2ccc(s2)-c2c(F)c(F)c(-c3ccc(s3)-c3ccc(C)s3)c3nsnc23)c2nsnc12,0.6,14,0,0,0,155.15896200000049,67.7210380000001,866.8398490755637,1181.9926699680009,10.745387908800009
Cc1ccc(s1)-c1ccc(s1)-c1c(F)c(F)c(-c2ccc([se]2)-c2cc3c(s2)-c2cc4c(cc2C3(C)C)-c2sc(cc2C4(C)C)-c2ccc([se]2)-c2c(F)c(F)c(-c3ccc(s3)-c3ccc(C)s3)c3nsnc23)c2nsnc12,0.6,12,0,0,0,156.8989620000005,71.20103800000011,875.443624156195,1277.8815705680006,11.617105186981824
CN1C(=S)S\\C(=C\\c2cc(C)c(s2)-c2ccc(s2)-c2sc(cc2C)-c2cc3c(-c4ccc(C)s4)c4sc(cc4c(-c4ccc(C)s4)c3s2)-c2cc3c(-c4ccc(C)s4)c4sc(cc4c(-c4ccc(C)s4)c3s2)-c2cc(C)c(s2)-c2ccc(s2)-c2sc(\\C=C3\\SC(=S)N(C)C3=O)cc2C)C1=O,0.5657894736842105,20,0,0,0,220.93723600000052,99.14276400000014,1238.6509388666334,1623.9001569040008,10.68355366384211
CN1C(=S)S\\C(=C/c2cc(C)c(s2)-c2ccc(s2)-c2sc(cc2C)-c2cc3c(-c4ccc(C)s4)c4sc(cc4c(-c4ccc(C)s4)c3s2)-c2cc(C)c(s2)-c2ccc(s2)-c2sc(\\C=C3/SC(=S)N(C)C3=O)cc2C)C1=O,0.5517241379310345,16,0,0,0,167.93572000000052,77.26428000000011,958.7055617606146,1243.917972520001,10.723430797586216
CN1C(=S)S\\C(=C\\c2cc(C)c(s2)-c2ccc(s2)-c2sc(cc2C)-c2cc3c(-c4ccc(C)s4)c4sc(cc4c(-c4ccc(C)s4)c3s2)-c2cc3c(-c4ccc(C)s4)c4sc(cc4c(-c4ccc(C)s4)c3s2)-c2cc(C)c(s2)-c2ccc(s2)-c2sc(\\C=C3\\SC(=S)N(C)C3=O)cc2C)C1=O,0.5657894736842105,20,0,0,0,220.93723600000052,99.14276400000014,1238.6509388666334,1623.9001569040008,10.68355366384211
CN1C(=O)S\\C(=C/c2sc(-c3cc4sc5c(-c6ccc(C)s6)c6c(sc7cc(sc67)-c6sc(\\C=C7/SC(=O)N(C)C7=S)c7cc(C)sc67)c(-c6ccc(C)s6)c5c4s3)c3sc(C)cc23)C1=S,0.5957446808510638,16,0,0,0,143.23420400000037,65.22579600000009,796.2915453130087,1111.824072136001,11.827915661021287
Cc1cc(\\C=c2/sc(=C(C#N)C#N)n(C)c2=O)sc1-c1cc(C)c(s1)-c1cc(C)c(s1)-c1cc2sc(cc2s1)-c1sc(cc1C)-c1sc(cc1C)-c1sc(\\C=c2/sc(=C(C#N)C#N)n(C)c2=O)cc1C,0.4807692307692308,18,0,0,0,146.71496200000044,66.14503800000011,867.5770538588349,1093.995034328001,10.519183022384626
CSc1cc2sc(cc2s1)-c1c2cc(sc2c(-c2cc3sc(SC)cc3s2)c2cc(sc12)-c1cc(C)c(s1)-c1ccc(s1)-c1sc(\\C=C2/SC(=S)N(C)C2=O)cc1C)-c1cc(C)c(s1)-c1ccc(s1)-c1sc(\\C=C2/SC(=S)N(C)C2=O)cc1C,0.5645161290322581,20,0,0,0,186.2157200000005,87.1042800000001,1050.139764762334,1419.806256520001,11.450050455806458
COc1c2cc(sc2c(OC)c2cc(sc12)-c1c(F)c(F)c(-c2cc3n(C)c4cc(C)sc4c3s2)c2nsnc12)-c1c(F)c(F)c(-c2cc3n(C)c4cc(C)sc4c3s2)c2nsnc12,0.5909090909090909,16,0,0,0,123.11503200000001,59.660968000000075,667.7836536732879,999.9662548880007,11.363252896454552
COc1c2cc(sc2c(C)c2cc(sc12)-c1cc(C)c(s1)-c1ccc(s1)-c1sc(\\C=C2/SC(=S)N(C)C2=O)cc1C)-c1cc(C)c(s1)-c1ccc(s1)-c1sc(\\C=C2/SC(=S)N(C)C2=O)cc1C,0.5242718446601942,15,0,0,0,146.91054800000043,70.06745200000012,849.1686116590689,1095.9374450120013,10.640169369048555
Cc1ccc(s1)-c1c2ccsc2c(-c2ccc(C)s2)c2cc(sc12)-c1c(F)c(F)c(-c2cc3c(-c4ccc(C)s4)c4sc(cc4c(-c4ccc(C)s4)c3s2)-c2c(F)c(F)c(-c3cc4c(-c5ccc(C)s5)c5sccc5c(-c5ccc(C)s5)c4s3)c3nsnc23)c2nsnc12,0.6363636363636364,18,0,0,0,192.8061340000004,81.57386600000011,1047.1022327339217,1481.9122540960007,11.226607985575763
CN1C(=S)S\\C(=C/c2cc(C)c(s2)-c2ccc(s2)-c2sc(cc2C)-c2cc3c(-c4ccc(C)s4)c4sc(cc4c(-c4ccc(C)s4)c3s2)-c2cc(C)c(s2)-c2ccc(s2)-c2sc(\\C=C3/SC(=S)N(C)C3=O)cc2C)C1=O,0.5517241379310345,16,0,0,0,167.93572000000052,77.26428000000011,958.7055617606146,1243.917972520001,10.723430797586216
COC(=O)C(=C\\c1ccc(s1)-c1cc(C)c(s1)-c1cc(C)c(s1)-c1cc2c(-c3ccc(C)s3)c3sc(cc3c(-c3ccc(C)s3)c2s1)-c1sc(cc1C)-c1sc(cc1C)-c1ccc(\\C=C(/C#N)C(=O)OC)s1)\\C#N,0.45614035087719296,16,0,0,0,157.9397200000006,71.07628000000012,921.6899177663383,1148.0195177600012,10.070346647017555
CN1C(=S)S\\C(=C\\c2ccc(s2)-c2sc(cc2C)-c2sc(cc2C)-c2cc3c(cc4c5sc(cc5c(cc4c3s2)-c2ccc(C)s2)-c2cc(C)c(s2)-c2cc(C)c(s2)-c2ccc(\\C=C3\\SC(=S)N(C)C3=O)s2)-c2ccc(C)s2)C1=O,0.5573770491803278,16,0,0,0,175.94930600000055,79.27069400000012,999.3601258128185,1293.933622584001,10.60601329986886
Cc1ccc(s1)-c1ccc(s1)-c1cnc(-c2cc3c(s2)-c2sc(cc2[Si]3(C)C)-c2cc3c(-c4ccc(C)s4)c4sc(cc4c(-c4ccc(C)s4)c3s2)-c2cc3c(s2)-c2sc(cc2[Si]3(C)C)-c2ncc(-c3ccc(s3)-c3ccc(C)s3)c3nsnc23)c2nsnc12,0.6119402985074627,20,0,0,0,201.15889200000044,116.30110800000014,1073.7321851827214,1447.925592468001,10.805414869164187
CN1C(=S)S\\C(=C/c2cc(C)c(s2)-c2ccc(s2)-c2sc(cc2C)-c2cc3c(-c4ccc(s4)-c4ccc(C)s4)c4sc(cc4c(-c4ccc(s4)-c4ccc(C)s4)c3s2)-c2cc(C)c(s2)-c2ccc(s2)-c2sc(\\C=C3/SC(=S)N(C)C3=O)cc2C)C1=O,0.5692307692307692,18,0,0,0,189.76289200000053,86.19710800000011,1077.0327388136511,1407.8934146480008,10.82994934344616
COC(=O)c1nc2c(-c3ccc(s3)-c3ccc(C)s3)c(F)c(F)c(-c3cc4c(-c5cc(C)c(C)s5)c5sc(cc5c(-c5cc(C)c(C)s5)c4s3)-c3c(F)c(F)c(-c4ccc(s4)-c4ccc(C)s4)c4nc(C(=O)OC)c(nc34)C(=O)OC)c2nc1C(=O)OC,0.47692307692307695,20,0,0,0,171.12930600000053,81.24269400000011,1018.0866091865199,1326.0704451840008,10.200541886030775
Cc1cc(\\C=c2\\sc(=C(C#N)C#N)n(C)c2=O)sc1-c1cc(C)c(s1)-c1cc(C)c(s1)-c1cc(C)c(s1)-c1ccc(s1)-c1sc(cc1C)-c1sc(cc1C)-c1sc(cc1C)-c1sc(\\C=c2\\sc(=C(C#N)C#N)n(C)c2=O)cc1C,0.47107438016528924,19,0,0,0,168.30930600000056,76.63069400000013,993.2881243330403,1230.0297055840012,10.165534756892573
CN1C(=O)S\\C(=C/c2sc(-c3cc4c(-c5ccc(C)s5)c5sc(cc5c(-c5ccc(C)s5)c4s3)-c3sc(\\C=C4/SC(=O)N(C)C4=S)c4cc(C)sc34)c3sc(C)cc23)C1=S,0.5681818181818182,14,0,0,0,130.7542040000001,60.3057960000001,741.8753912599182,999.879930136001,11.362271933363647
CN1C(=S)S\\C(=C/c2cc(C)c(s2)-c2cc3sc(cc3s2)-c2sc(cc2C)-c2cc3c(-c4cc(C)c(C)s4)c4sc(cc4c(-c4cc(C)c(C)s4)c3s2)-c2cc(C)c(s2)-c2cc3sc(cc3s2)-c2sc(\\C=C3/SC(=S)N(C)C3=O)cc2C)C1=O,0.546875,18,0,0,0,186.42289200000053,86.19710800000013,1047.7136862614202,1383.8934146480008,10.811667301937506
Cc1cc(\\C=c2/sc(=C(C#N)C#N)n(C)c2=O)sc1-c1cc(C)c(s1)-c1cc(C)c(s1)-c1ccc(s1)-c1sc(cc1C)-c1sc(cc1C)-c1sc(\\C=c2/sc(=C(C#N)C#N)n(C)c2=O)cc1C,0.46534653465346537,17,0,0,0,140.4749620000003,63.68503800000011,840.3689768322895,1038.022963328001,10.277455082455456
CN1C(=S)S\\C(=C/c2sc(-c3cc4c(C)c5sc(cc5c(C)c4s3)-c3sc(\\C=C4/SC(=S)N(C)C4=O)c4sc(C)cc34)c3cc(C)sc23)C1=O,0.5405405405405406,12,0,0,0,108.92703200000003,51.372968000000064,623.5482142068818,835.9044880080008,11.296006594702714
CN1c2ccc(cc2Oc2cc(ccc12)-c1ccc(-c2sc(C=C(C#N)C#N)cc2C)c2nsnc12)-c1ccc(-c2sc(C=C(C#N)C#N)cc2C)c2nsnc12,0.525,14,0,0,0,109.448239,43.19976100000004,661.8520127353862,809.0908403560006,10.113635504450007
COc1c2cc(sc2c(OC)c2cc(sc12)-c1ccc2N(C)c3ccc(C=C4C(=O)c5ccccc5C4=O)cc3Sc2c1)-c1ccc2N(C)c3ccc(C=C4C(=O)c5ccccc5C4=O)cc3Sc2c1,0.5660377358490566,12,0,0,0,139.4765480000003,56.31945200000008,825.3033069279509,984.1456208720011,9.28439264973586
CN1C(=S)S\\C(=C/c2cc(C)c(s2)-c2ccc(s2)-c2sc(-c3sc(-c4sc(-c5ccc(s5)-c5sc(\\C=C6/SC(=S)N(C)C6=O)cc5C)c5cc(C)sc45)c4C(=O)N(C)C(=O)c34)c3sc(C)cc23)C1=O,0.56,17,0,0,0,146.70858300000046,69.22141700000009,855.1757205632528,1140.868379472001,11.408683794720009
Cc1ccc(s1)-c1ccc(s1)-c1cnc(-c2cc3c(s2)-c2sc(cc2[Si]3(C)C)-c2c(F)cc(-c3cc4c(s3)-c3sc(cc3[Si]4(C)C)-c3cc(F)c(-c4cc5c(s4)-c4sc(cc4[Si]5(C)C)-c4ncc(-c5ccc(s5)-c5ccc(C)s5)c5nsnc45)c4nsnc34)c3nsnc23)c2nsnc12,0.6312056737588653,24,0,0,0,214.20930600000037,136.52069400000008,1156.4328662244911,1591.8959713740005,11.290042350170216
CN1c2ccc(cc2Sc2cc(ccc12)C([C](c1ccc(cc1)[C](C#N)C#N)c1ccc(cc1)N(c1ccccc1)c1ccccc1)=C(C#N)C#N)C#Cc1ccc(cc1)N(c1ccccc1)c1ccccc1,0.543859649122807,8,0,0,0,146.4885130000004,51.00148700000006,903.7953587174729,951.3144153120011,8.344863292210535
CN1C(=S)S\\C(=C/c2cc(C)c(s2)-c2ccc(s2)-c2sc(cc2C)-c2cc3c(-c4ccc(C)s4)c4sc(cc4c(-c4ccc(C)s4)c3s2)-c2cc(C)c(s2)-c2ccc(s2)-c2sc(\\C=C3/SC(=S)N(C)C3=O)cc2C)C1=O,0.5517241379310345,16,0,0,0,167.93572000000052,77.26428000000011,958.7055617606146,1243.917972520001,10.723430797586216
Cn1c(-c2ccc(s2)-c2cc3ccc4cccc5ccc(c2)c3c45)c2c(c(-c3ccc(s3)-c3cc(F)c(cc3F)-c3ccc(s3)-c3n(C)c(=O)c4c(-c5ccc(s5)-c5cc6ccc7cccc8ccc(c5)c6c78)n(C)c(=O)c34)n(C)c2=O)c1=O,0.5967741935483871,8,0,0,0,163.89372000000054,62.5062800000001,940.5587253368948,1166.190046200001,9.404758437096783
Cc1ccc(s1)-c1ccc(s1)-c1cnc(-c2cc3c(s2)-c2sc(cc2[Si]3(C)C)-c2nc3c(-c4ccc(C)s4)c4sc(nc4c(-c4ccc(C)s4)c3s2)-c2cc3c(s2)-c2sc(cc2[Si]3(C)C)-c2ncc(-c3ccc(s3)-c3ccc(C)s3)c3nsnc23)c2nsnc12,0.6212121212121212,22,0,0,0,198.68530600000042,116.57469400000014,1061.1337359304466,1449.9160904040011,10.984212806090918
COc1c2cc(sc2c(OC)c2cc(sc12)-c1cc(C)c(s1)-c1ccc(s1)-c1sc(\\C=C2/SC(=S)N(C)C2=O)cc1C)-c1cc(C)c(s1)-c1ccc(s1)-c1sc(\\C=C2/SC(=S)N(C)C2=O)cc1C,0.5192307692307693,16,0,0,0,147.71254800000045,71.8034520000001,857.9588386105595,1111.9323596320012,10.691657304153857
CN1c2ccc(C=C3C(=O)c4ccccc4C3=O)cc2Sc2cc(ccc12)-c1ccc(cc1)N(c1ccccc1)c1ccccc1,0.581081081081081,5,0,0,0,93.844204,35.70579600000001,556.1575432141145,612.1871491360008,8.27279931264866
COC(=O)C(=C\\c1cc(C)c(s1)-c1ccc(s1)-c1sc(cc1C)-c1cc2c(cc3c4sc(cc4c(cc3c2s1)-c1ccc(C)cc1)-c1cc(C)c(s1)-c1ccc(s1)-c1sc(\\C=C(/C#N)C(=O)OC)cc1C)-c1ccc(C)cc1)\\C#N,0.4603174603174603,14,0,0,0,169.5004780000006,72.17552200000013,989.2374558698599,1186.1223259520013,9.413669253587312
CN1C(=S)S\\C(=C\\c2cc(C)c(s2)-c2ccc(s2)-c2sc(cc2C)-c2cc(F)c(s2)-c2sc(cc2F)-c2cc(C)c(s2)-c2ccc(s2)-c2sc(\\C=C3\\SC(=S)N(C)C3=O)cc2C)C1=O,0.5531914893617021,14,0,0,0,136.54179000000022,64.53821000000009,809.2224796152482,1063.892386640001,11.318004113191499
CN1C(=S)S\\C(=C/c2cc(C)c(s2)-c2ccc(s2)-c2sc(cc2C)-c2cc3c(-c4ccc(C)s4)c4sc(cc4c(-c4ccc(C)s4)c3s2)-c2cc3c(-c4ccc(C)s4)c4sc(cc4c(-c4ccc(C)s4)c3s2)-c2cc3c(-c4ccc(C)s4)c4sc(cc4c(-c4ccc(C)s4)c3s2)-c2cc(C)c(s2)-c2ccc(s2)-c2sc(\\C=C3/SC(=S)N(C)C3=O)cc2C)C1=O,0.574468085106383,24,0,0,0,273.9387519999997,121.02124800000017,1518.5963159726548,2003.8823412880008,10.658948623872345
Cc1ccc(s1)-c1ccc(s1)-c1c(F)c(F)c(-c2ccc(s2)-c2cc3c(s2)-c2cc4c(cc2C3(C)C)-c2sc(cc2C4(C)C)-c2ccc(s2)-c2cnc(s2)-c2n(C)c(=O)c3c(-c4ncc(s4)-c4ccc(s4)-c4cc5c(s4)-c4cc6c(cc4C5(C)C)-c4sc(cc4C6(C)C)-c4ccc(s4)-c4c(F)c(F)c(-c5ccc(s5)-c5ccc(C)s5)c5nsnc45)n(C)c(=O)c23)c2nsnc12,0.5833333333333334,24,0,0,0,267.3731659999998,118.00683400000017,1503.5791031850665,1994.0463221040009,10.385657927625005
Cc1ccc(s1)-c1ccc(s1)-c1c(F)c(F)c(-c2cc3c(s2)-c2sc(cc2[Si]3(C)C)-c2c(F)c(F)c(-c3ccc(s3)-c3ccc(C)s3)c3nsnc23)c2nsnc12,0.620253164556962,12,0,0,0,116.82744600000001,66.20255400000005,654.583959556932,917.9315541140006,11.619386760936717
Cc1ccc(s1)-c1ccc(s1)-c1c(F)c(F)c(-c2ccc(s2)-c2cc3c(s2)-c2cc4c(cc2C3(C)C)-c2sc(cc2C4(C)C)-c2ccc([se]2)-c2c(F)c(F)c(-c3ccc([se]3)-c3cc4c(s3)-c3cc5c(cc3C4(C)C)-c3sc(cc3C5(C)C)-c3ccc(s3)-c3c(F)c(F)c(-c4ccc(s4)-c4ccc(C)s4)c4nsnc34)c3nsnc23)c2nsnc12,0.5953757225433526,19,0,0,0,244.82882200000034,108.07117800000015,1363.125868496168,1931.9013806480007,11.167060003745668
CN1\\C(=C\\[C]2C(=O)[C](C2=O)c2c(O)cc(cc2O)N2[C@H]3CCC[C@@H]3c3cc(ccc23)C#N)C(C)(C)c2cc(ccc12)-c1cc2sc3-c4cc5c(cc4C(c3c2s1)(c1ccc(C)cc1)c1ccc(C)cc1)-c1sc2cc(sc2c1C5(c1ccc(C)cc1)c1ccc(C)cc1)-c1ccc2N(C)\\C(=C\\[C]3C(=O)[C](C3=O)c3c(O)cc(cc3O)N3[C@H]4CCC[C@H]4c4cc(ccc34)C#N)C(C)(C)c2c1,0.5045045045045045,18,4,0,0,277.01378399999965,109.57421600000023,1618.3583419823192,1820.5546477760022,8.200696611603613
Cc1ccc(s1)-c1c2cc(sc2c(-c2ccc(C)s2)c2cc(sc12)-c1sc(cc1C)-c1cc(C)c(C=C2C(=O)c3ccccc3C2=O)s1)-c1sc(cc1C)-c1cc(C)c(C=C2C(=O)c3ccccc3C2=O)s1,0.5636363636363636,12,0,0,0,151.94613400000057,61.2738660000001,872.5574001745016,1078.0535776960012,9.800487069963648
CN1c2ccc(cc2Oc2cc(ccc12)-c1ccc(s1)-c1sc(C=C(C#N)C#N)cc1C)-c1ccc(s1)-c1sc(C=C(C#N)C#N)cc1C,0.4722222222222222,10,0,0,0,98.368239,38.63976100000002,605.7397831355283,705.0785443560007,9.79275756050001
Cc1cc(\\C=c2\\sc(=C(C#N)C#N)n(C)c2=O)sc1-c1cc(C)c(s1)-c1cc2sc(cc2s1)-c1sc(cc1C)-c1sc(\\C=c2\\sc(=C(C#N)C#N)n(C)c2=O)cc1C,0.47619047619047616,16,0,0,0,118.88061800000001,53.19938200000008,714.657906358084,901.9882920720008,10.73795585800001
Cc1ccc(s1)-c1ccc(s1)-c1cnc(-c2cc3c(s2)-c2sc(cc2[Si]3(C)C)-c2ncc(-c3ccc(s3)-c3ccc(C)s3)c3nsnc23)c2nsnc12,0.6363636363636364,14,0,0,0,114.79303200000001,66.03696800000007,617.7152744894261,847.9597392980008,11.012464146727284
Cc1cc(C=C2C(=O)c3ccccc3C2=O)sc1-c1ccc(s1)-c1sc(cc1C)-c1cc2c(s1)-c1sc(cc1C21c2cc(ccc2-c2ccc(cc12)C(C)(C)C)C(C)(C)C)-c1cc(C)c(s1)-c1ccc(s1)-c1sc(C=C2C(=O)c3ccccc3C2=O)cc1C,0.503448275862069,12,0,0,0,192.3384080000006,79.33159200000016,1105.4374773981415,1300.1944282720015,8.966858126013804
Cc1ccc(s1)-c1ccc(s1)-c1c(F)c(F)c(-c2ccc(s2)-c2cc3c(s2)-c2cc4c(cc2C3(C)C)-c2sc(cc2C4(C)C)-c2ccc(s2)-c2c(F)c(F)c(-c3ccc(s3)-c3cc4c(s3)-c3cc5c(cc3C4(C)C)-c3sc(cc3C5(C)C)-c3ccc(s3)-c3c(F)c(F)c(-c4ccc(s4)-c4cc5c(s4)-c4cc6c(cc4C5(C)C)-c4sc(cc4C6(C)C)-c4ccc(s4)-c4c(F)c(F)c(-c5ccc(s5)-c5ccc(C)s5)c5nsnc45)c4nsnc34)c3nsnc23)c2nsnc12,0.5932203389830508,28,0,0,0,331.01868199999836,141.4613180000002,1842.2043377555162,2490.032290127987,10.550984280203334
Cn1c(=O)c2cccc3c(ccc(c23)c1=O)C#Cc1ccc(C#Cc2ccc(cc2)N(c2ccccc2)c2ccccc2)c2nsnc12,0.625,6,0,0,0,93.377032,33.972968,559.3416875663289,636.1619970080006,8.835583291777787
COc1cc(-c2ccc(s2)-c2sc(cc2C)-c2sc(\\C=C3\\SC(=S)N(C)C3=O)cc2C)c(OC)cc1-c1ccc(s1)-c1sc(cc1C)-c1sc(\\C=C2\\SC(=S)N(C)C2=O)cc1C,0.4897959183673469,14,0,0,0,135.23254800000018,66.88345200000012,803.5426845574689,999.9882176320011,10.203961404408174
Cc1ccc(s1)-c1ccc(s1)-c1cc(F)c(-c2cc3c(s2)-c2sc(cc2[Si]3(C)C)-c2c(F)c(F)c(-c3ccc(s3)-c3ccc(C)s3)c3nsnc23)c2nsnc12,0.620253164556962,12,0,0,0,116.937239,66.09276100000005,648.5164006031242,899.9409759260006,11.391657923113932
Cn1c(-c2cccs2)c2c(c(-c3ccc(s3)-c3cc4OC(C)(C)c5cc(sc5-c4s3)-c3ccc(s3)-c3n(C)c(=O)c4c(-c5cccs5)n(C)c(=O)c34)n(C)c2=O)c1=O,0.5454545454545454,11,0,0,0,117.62379000000001,56.904210000000084,697.2259201878285,874.0540460600009,9.93243234159092
Cc1ccc(s1)-c1sc(cc1C)-c1sc(cc1C)-c1nnc(nn1)-c1cc(C)c(s1)-c1cc(C)c(s1)-c1cc2c(-c3ccc(C)s3)c3sc(cc3c(-c3ccc(C)s3)c2s1)-c1sc(cc1C)-c1sc(cc1C)-c1nnc(nn1)-c1cc(C)c(s1)-c1cc(C)c(s1)-c1ccc(C)s1,0.56,22,0,0,0,208.98682200000056,93.17317800000016,1147.9239276527683,1502.0561377280014,10.013707584853343
CN1C(=S)S\\C(=C/c2cc3n(C)c4cc(sc4c3s2)-c2cc3n(C)c4cc(sc4c3s2)-c2cc3n(C)c4cc(\\C=C5/SC(=S)N(C)C5=O)sc4c3s2)C1=O,0.5844155844155844,15,0,0,0,113.23023900000004,55.49976100000008,624.6851043806734,888.9058849760008,11.544232272415595
Cc1ccc(s1)-c1ccc(s1)-c1cc(F)c(-c2cc3c(s2)-c2cc4c(cc2[Si]3(C)C)-c2sc(cc2[Si]4(C)C)-c2c(F)cc(-c3ccc(s3)-c3ccc(C)s3)c3nsnc23)c2nsnc12,0.5833333333333334,12,0,0,0,141.2713760000003,89.44862400000007,772.8032737357345,1013.9899245240009,10.56239504712501
Cc1ccc(s1)-c1ccc(s1)-c1ccc(s1)-c1cc(F)c(-c2cc3sc4-c5cc6c(cc5C(c4c3s2)(c2ccc(C)cc2)c2ccc(C)cc2)-c2sc3cc(sc3c2C6(c2ccc(C)cc2)c2ccc(C)cc2)-c2c(F)cc(-c3ccc(s3)-c3ccc(s3)-c3ccc(C)s3)c3nsnc23)c2nsnc12,0.6153846153846154,16,0,0,0,218.60723600000048,88.47276400000017,1199.5611874297458,1562.080856104001,10.013338821179493
CSc1c2cc(sc2c(SC)c2cc(sc12)-c1cc(C)c(s1)-c1ccc(s1)-c1sc(\\C=C2/SC(=S)N(C)C2=O)cc1C)-c1cc(C)c(s1)-c1ccc(s1)-c1sc(\\C=C2/SC(=S)N(C)C2=O)cc1C,0.5192307692307693,16,0,0,0,151.90854800000056,73.25145200000011,877.3964336562069,1143.8866723920012,10.99891031146155
COc1c2cc(sc2c(OC)c2cc(sc12)-c1cc(C)c(s1)-c1ccc(s1)-c1sc(\\C=C2/SC(=S)N(C)C2=O)cc1C)-c1cc(C)c(s1)-c1ccc(s1)-c1sc(\\C=C2/SC(=S)N(C)C2=O)cc1C,0.5192307692307693,16,0,0,0,147.71254800000045,71.8034520000001,857.9588386105595,1111.9323596320012,10.691657304153857
Cc1cc(\\C=c2/sc(=C(C#N)C#N)n(C)c2=O)sc1-c1cc(C)c(s1)-c1cc(C)c(s1)-c1ccc(s1)-c1ccc(s1)-c1sc(cc1C)-c1sc(cc1C)-c1sc(\\C=c2/sc(=C(C#N)C#N)n(C)c2=O)cc1C,0.48148148148148145,18,0,0,0,151.38854800000053,68.15145200000012,899.5325653588079,1120.010684392001,10.370469299925935
Cc1ccc(s1)-c1ccc(s1)-c1cnc(-c2cc3c(s2)-c2sc(cc2[Si]3(C)C)-c2ccc(-c3cc4c(s3)-c3sc(cc3[Si]4(C)C)-c3ccc(-c4cc5c(s4)-c4sc(cc4[Si]5(C)C)-c4ncc(-c5ccc(s5)-c5ccc(C)s5)c5nsnc45)c4nsnc34)c3nsnc23)c2nsnc12,0.6312056737588653,24,0,0,0,214.4288920000004,136.3011080000001,1144.2977483168756,1555.9148149980006,11.034856843957451
Cc1ccc(s1)-c1ccc(s1)-c1ncc(-c2cc3c(-c4cc(C)c(C)s4)c4sc(cc4c(-c4cc(C)c(C)s4)c3s2)-c2cnc(-c3ccc(s3)-c3ccc(C)s3)c3nc(C)c(C)nc23)c2nc(C)c(C)nc12,0.5344827586206896,14,0,0,0,155.99889200000058,70.66110800000013,852.2580034026274,1080.1393134080013,9.31154580524139
Cc1ccc(s1)-c1ccc(s1)-c1ccc(s1)-c1c(F)c(F)c(-c2cc3c(-c4cc(C)c(C)s4)c4sc(cc4c(-c4cc(C)c(C)s4)c3s2)-c2c(F)c(F)c(-c3ccc(s3)-c3ccc(s3)-c3ccc(C)s3)c3nc(C)c(C)nc23)c2nc(C)c(C)nc12,0.5454545454545454,14,0,0,0,179.86047800000054,79.75952200000015,1007.4538655231697,1314.0865703520012,9.955201290545464
Cc1ccc(s1)-c1ccc(s1)-c1cnc(-c2cc3c(s2)-c2sc(cc2[Si]3(C)C)-c2cc(F)c(-c3cc4c(s3)-c3sc(cc3[Si]4(C)C)-c3ncc(-c4ccc(s4)-c4ccc(C)s4)c4nsnc34)c3nsnc23)c2nsnc12,0.6330275229357798,19,0,0,0,164.50116900000046,101.27883100000008,887.0740703569583,1219.9278553360007,11.191998672807346
CN1C(=S)S\\C(=C/c2sc(-c3cc4c(-c5ccc(C)s5)c5sc(cc5c(-c5ccc(C)s5)c4s3)-c3sc(\\C=C4/SC(=S)N(C)C4=O)c4cc(C)sc34)c3sc(C)cc23)C1=O,0.5681818181818182,14,0,0,0,130.75420400000013,60.30579600000009,741.8753912599182,999.879930136001,11.362271933363647
CN1C(=S)S\\C(=C\\c2ccc(s2)-c2ccc(s2)-c2n(C)c(=O)c3c(-c4ccc(s4)-c4ccc5c(c4)n(C)c4cc(ccc54)-c4ccc(s4)-c4n(C)c(=O)c5c(-c6ccc(s6)-c6ccc(\\C=C7\\SC(=S)N(C)C7=O)s6)n(C)c(=O)c45)n(C)c(=O)c23)C1=O,0.5590551181102362,17,0,0,0,174.0605130000005,80.44948700000012,1045.198888143013,1311.0325420320007,10.323090882141738
COc1ccc(s1)-c1c2cc(sc2c(-c2ccc(OC)s2)c2cc(sc12)-c1cc(C)c(s1)-c1ccc(s1)-c1sc(\\C=C2/SC(=S)N(C)C2=O)cc1C)-c1cc(C)c(s1)-c1ccc(s1)-c1sc(\\C=C2/SC(=S)N(C)C2=O)cc1C,0.5423728813559322,18,0,0,0,169.53972000000053,80.73628000000012,976.2860156635958,1275.907801760001,10.812777981016957
CN1C(=O)\\C(=C/c2cc(C)c(s2)-c2ccc(s2)-c2sc(cc2C)-c2cc3c(-c4ccc(C)s4)c4sc(cc4c(-c4ccc(C)s4)c3s2)-c2cc(C)c(s2)-c2ccc(s2)-c2sc(\\C=C3/C(=O)N(C)C(=O)C(C#N)=C3C)cc2C)C(C)=C(C#N)C1=O,0.5076923076923077,16,0,0,0,177.50047800000056,78.77952200000016,1046.7925670661864,1278.0726159520013,9.831327815015396
Cc1ccc(s1)-c1ccc(s1)-c1cc(F)c(-c2cc3c(s2)-c2sc(cc2[Ge]3(C)C)-c2c(F)cc(-c3ccc(s3)-c3ccc(C)s3)c3nsnc23)c2nsnc12,0.620253164556962,12,0,0,0,117.357032,67.22296800000007,,927.8946490080007,11.745501886177223
Cc1ccc(s1)-c1ccc(s1)-c1c(F)c(F)c(-c2cc3c(-c4cc(C)c(C)s4)c4sc(cc4c(-c4cc(C)c(C)s4)c3s2)-c2c(F)c(F)c(-c3ccc(s3)-c3ccc(C)s3)c3nc(C)c(C)nc23)c2nc(C)c(C)nc12,0.5254237288135594,12,0,0,0,158.0333060000006,70.82669400000013,889.1266884701334,1150.1111282240013,9.746704476474587
CN1C(=S)S\\C(=C\\c2ccc(s2)-c2cc3c(s2)-c2cc4n(C)c5cc6-c7sc(cc7C(c6cc5c4cc2C3(c2ccc(C)cc2)c2ccc(C)cc2)(c2ccc(C)cc2)c2ccc(C)cc2)-c2ccc(\\C=C3\\SC(=S)N(C)C3=O)s2)C1=O,0.5419847328244275,11,0,0,0,176.00685700000065,73.24314300000013,1011.0088003406868,1207.159045808001,9.214954548152681
COC(=O)C(=C\\c1ccc([se]1)-c1cc(C)c(s1)-c1cc(C)c(s1)-c1ccc(s1)-c1ccc(s1)-c1sc(cc1C)-c1sc(cc1C)-c1ccc(\\C=C(/C#N)C(=O)OC)[se]1)\\C#N,0.43478260869565216,12,0,0,0,128.505376,61.6106240000001,768.675492793988,1027.901676104001,11.17284430547827
Cc1cc(\\C=c2\\sc(=C(C#N)C#N)n(C)c2=O)sc1-c1cc(C)c(s1)-c1ccc(s1)-c1ccc(s1)-c1sc(cc1C)-c1sc(\\C=c2\\sc(=C(C#N)C#N)n(C)c2=O)cc1C,0.4772727272727273,16,0,0,0,123.55420400000001,55.205796000000085,746.6134178580569,928.0039421360009,10.545499342454555
COc1c2cc(sc2c(OC)c2cc(sc12)-c1ccc2N(C)c3ccc(C=C(C#N)C#N)cc3Sc2c1)-c1ccc2N(C)c3ccc(C=C(C#N)C#N)cc3Sc2c1,0.46511627906976744,12,0,0,0,115.29420400000001,47.10179600000005,703.0763725130307,824.1156581360008,9.58274021088373
CN1C(=S)S\\C(=C/c2cc(C)c(s2)-c2cc(C)c(s2)-c2cc(C)c(s2)-c2ccc(s2)-c2sc(cc2C)-c2sc(cc2C)-c2sc(\\C=C3/SC(=S)N(C)C3=O)cc2C)C1=O,0.5053763440860215,13,0,0,0,131.8549620000001,63.865038000000105,772.5157436288292,973.9548093280011,10.472632358365603
Cc1ccc(s1)-c1ccc(s1)-c1cnc(-c2cc3c(s2)-c2sc(cc2[Si]3(C)C)-c2c(F)c(F)c(-c3cc4c(s3)-c3sc(cc3[Si]4(C)C)-c3ncc(-c4ccc(s4)-c4ccc(C)s4)c4nsnc34)c3nsnc23)c2nsnc12,0.6330275229357798,19,0,0,0,164.39137600000043,101.38862400000008,893.141629310766,1237.9184335240009,11.357049848844044
CN1c2ccc(C=C(C#N)C#N)cc2Sc2cc(ccc12)-c1ccc(cc1)N(c1ccccc1)c1ccccc1,0.515625,5,0,0,0,81.753032,31.096967999999993,495.04407600665485,532.1721677680007,8.31519012137501
COc1ccc(cc1)N(c1ccc(OC)cc1)c1ccc(cc1)-c1ccc(-c2cc3c(-c4ccc(C)s4)c4sc(cc4c(-c4ccc(C)s4)c3s2)-c2ccc(-c3ccc(cc3)N(c3ccc(OC)cc3)c3ccc(OC)cc3)c3nsnc23)c2nsnc12,0.5571428571428572,16,0,0,0,182.1212360000007,81.85076400000017,1024.9400659165453,1256.2374301440013,8.97312450102858
Cc1ccc(s1)-c1sc(cc1C)-c1nnc(nn1)-c1cc(C)c(s1)-c1cc2c(-c3ccc(C)s3)c3sc(cc3c(-c3ccc(C)s3)c2s1)-c1sc(cc1C)-c1nnc(nn1)-c1cc(C)c(s1)-c1ccc(C)s1,0.5818181818181818,18,0,0,0,153.31813400000055,67.28186600000012,842.0856326512663,1118.042653216001,10.164024120145465
Cc1cc(C=C2C(=O)c3ccccc3C2=O)sc1-c1cc2c(s1)-c1sc(cc1C21c2cc(ccc2-c2ccc(cc12)C(C)(C)C)C(C)(C)C)-c1sc(C=C2C(=O)c3ccccc3C2=O)cc1C,0.4774774774774775,8,0,0,0,142.67689200000035,57.453108000000086,834.1911528443544,944.2122438880014,8.506416611603616
CC(=C(C#N)C#N)c1ccc(s1)-c1ccc(s1)-c1cc2c(s1)-c1sc(cc1[Si]2(C)C)-c1ccc(s1)-c1ccc(s1)C(C)=C(C#N)C#N,0.4492753623188406,10,0,0,0,102.119446,54.550554000000076,611.8646517931265,729.9937992340007,10.579620278753634
CC(=O)c1cc2c(sc(-c3ccc(s3)-c3ccc(C)s3)c2s1)-c1cc2c(-c3ccc(C)s3)c3sc(cc3c(-c3ccc(C)s3)c2s1)-c1sc(-c2ccc(s2)-c2ccc(C)s2)c2sc(cc12)C(C)=O,0.5686274509803921,14,0,0,0,149.2549620000005,65.36503800000011,813.9829686166008,1097.9207323280011,10.763928748313736
Cc1ccc(s1)-c1ccc(s1)-c1ccc([C]2Sc3c4sc5c6S[C](C=c6n(C)c5c4n(C)c3=C2)c2ccc(-c3ccc(s3)-c3ccc(C)s3)c3nsnc23)c2nsnc12,0.6470588235294118,15,0,0,0,123.51661800000001,56.20338200000009,663.6055294816482,925.9705338320008,10.893770986258833
N#C[C](C#N)c1ccc(cc1)[C](C(=C(C#N)C#N)c1ccc(C#Cc2cccnc2)c2nsnc12)c1ccc(cc1)N(c1ccccc1)c1ccccc1,0.5641025641025641,9,0,0,0,102.85303200000001,33.946968,648.833463263206,708.1844637680008,9.07928799702565
Cc1ccc(s1)-c1ccc(s1)-c1c2cc(sc2c(-c2ccc(s2)-c2ccc(C)s2)c2cc(sc12)-c1ccc(s1)-c1n(C)c(=O)c2c(-c3cccs3)n(C)c(=O)c12)-c1ccc(s1)-c1n(C)c(=O)c2c(-c3cccs3)n(C)c(=O)c12,0.5862068965517241,14,0,0,0,162.14613400000053,73.03386600000012,928.8495736185259,1198.010015696001,10.327672549103456
Cc1ccc(s1)-c1ccc(s1)-c1cc(F)c(-c2cc3sc4-c5cc6c(cc5C(c4c3s2)(c2ccc(C)cc2)c2ccc(C)cc2)-c2sc3cc(sc3c2C6(c2ccc(C)cc2)c2ccc(C)cc2)-c2c(F)cc(-c3ccc(s3)-c3ccc(C)s3)c3nsnc23)c2nsnc12,0.6056338028169014,14,0,0,0,196.78006400000055,79.53993600000015,1081.2340103767096,1398.1054139760008,9.84581277447888
Cc1ccc(s1)-c1ccc(s1)-c1n(C)c(=O)c2c(-c3ccc(s3)-c3cc4ccc5cc(cc6ccc(c3)c4c56)-c3ccc(s3)-c3n(C)c(=O)c4c(-c5ccc(s5)-c5ccc(C)s5)n(C)c(=O)c34)n(C)c(=O)c12,0.5636363636363636,10,0,0,0,147.20613400000045,63.19386600000011,846.1144231690379,1046.121731696001,9.510197560872736
Cc1ccc(s1)-c1c2cc(sc2c(-c2ccc(C)s2)c2cc(sc12)-c1ccc(s1)-c1n(C)c(=O)c2c(-c3ccc(s3)-c3ccc(cc3)C(F)(F)F)n(C)c(=O)c12)-c1ccc(s1)-c1n(C)c(=O)c2c(-c3ccc(s3)-c3ccc(cc3)C(F)(F)F)n(C)c(=O)c12,0.546875,12,0,0,0,171.04172000000045,76.79828000000012,1026.7398718404042,1322.0719430800011,10.328687055312509
COC(=O)C(=C/c1cc(C)c(s1)-c1ccc(s1)-c1sc(cc1C)-c1cc2c(s1)-c1sc(cc1[Si]2(C)C)-c1cc(C)c(s1)-c1ccc(s1)-c1sc(\\C=C(/C#N)C(=O)OC)cc1C)\\C#N,0.41414141414141414,14,0,0,0,138.30254800000023,77.5834520000001,817.8160742475982,988.0210021620012,9.980010122848498
Cc1ccc(s1)-c1ccc(s1)-c1cnc(-c2cc3c(s2)-c2sc(cc2[Si]3(C)C)-c2ccc(-c3cc4c(s3)-c3sc(cc3[Si]4(C)C)-c3ncc(-c4ccc(s4)-c4ccc(C)s4)c4nsnc34)c3nsnc23)c2nsnc12,0.6330275229357798,19,0,0,0,164.61096200000046,101.16903800000009,881.0065114031505,1201.937277148001,11.026947496770651
Cc1ccc(s1)-c1ccc(s1)-c1cnc(-c2cc3c(s2)-c2sc(cc2[Si]3(C)C)-c2cnc(-c3cc4c(s3)-c3sc(cc3[Si]4(C)C)-c3ncc(-c4cc5c(s4)-c4sc(cc4[Si]5(C)C)-c4ncc(-c5ccc(s5)-c5ccc(C)s5)c5nsnc45)c4nsnc34)c3nsnc23)c2nsnc12,0.6402877697841727,26,0,0,0,211.95530600000038,136.57469400000008,1131.6992990646002,1557.9053129340007,11.207951891611515
Cc1ccc(s1)-c1c2cc(sc2c(-c2ccc(C)s2)c2cc(sc12)-c1ccc(s1)-c1n(C)c(=O)c2c(-c3cccs3)n(C)c(=O)c12)-c1ccc(s1)-c1n(C)c(=O)c2c(-c3cccs3)n(C)c(=O)c12,0.5686274509803921,12,0,0,0,140.31896200000028,64.1010380000001,810.5223965654897,1034.034573568001,10.137593858509813
Cc1ccc(s1)-c1ccc(s1)-c1cc(F)c(-c2cc3c(-c4ccc(C)s4)c4sc(cc4c(-c4ccc(C)s4)c3s2)-c2c(F)cc(-c3ccc(s3)-c3ccc(C)s3)c3nsnc23)c2nsnc12,0.6382978723404256,14,0,0,0,136.68420400000022,59.475796000000095,746.3226851680569,1041.9489133360007,11.084562907829795
Cc1ccc(s1)-c1ccc(s1)-c1cnc(-c2cc3c(s2)-c2sc(cc2[Si]3(C)C)-c2cnc(-c3cc4c(s3)-c3sc(cc3[Si]4(C)C)-c3ncc(-c4ccc(s4)-c4ccc(C)s4)c4nsnc34)c3nsnc23)c2nsnc12,0.6388888888888888,20,0,0,0,163.37416900000045,101.30583100000008,874.7072867770131,1202.9325261160009,11.138264130703712
CC(C)[Si](C#Cc1c2cc(sc2c(C#C[Si](C(C)C)(C(C)C)C(C)C)c2cc(sc12)-c1c(F)cc(-c2ccc(s2)-c2ccc(C)s2)c2nsnc12)-c1c(F)cc(-c2ccc(s2)-c2ccc(C)s2)c2nsnc12)(C(C)C)C(C)C,0.36231884057971014,12,0,0,0,183.32158000000075,117.53842000000016,1034.3870668697366,1210.2090254200016,8.769630618985518
Cc1ccc(s1)-c1c2cc(sc2c(-c2ccc(C)s2)c2cc(sc12)-c1sc(C=C2C(=O)c3ccccc3C2=O)cc1C)-c1sc(C=C2C(=O)c3ccccc3C2=O)cc1C,0.5777777777777777,10,0,0,0,124.11179000000004,48.328210000000055,719.6382526737508,886.0468354400009,9.844964838222232
Cn1c(-c2cccs2)c2c(c(-c3ccc(s3)-c3cc4ccc5cc(cc6ccc(c3)c4c56)-c3ccc(s3)-c3n(C)c(=O)c4c(-c5cccs5)n(C)c(=O)c34)n(C)c2=O)c1=O,0.5777777777777777,8,0,0,0,119.37179000000003,50.248210000000064,693.195275668287,854.114989440001,9.490166549333344
Cc1ccc(s1)-c1c2cc(sc2c(-c2ccc(C)s2)c2cc(sc12)-c1ccc(s1)-c1n(C)c(=O)c2c(-c3ccc(s3)-c3cc4ccccc4o3)n(C)c(=O)c12)-c1ccc(s1)-c1n(C)c(=O)c2c(-c3ccc(s3)-c3cc4ccccc4o3)n(C)c(=O)c12,0.59375,14,0,0,0,173.97730600000048,75.59869400000014,990.7211066772862,1266.087003064001,9.891304711437508
Cc1ccc(s1)-c1ccc(s1)-c1c(F)c(F)c(-c2ccc(o2)-c2cc3c(s2)-c2cc4c(cc2C3(C)C)-c2sc(cc2C4(C)C)-c2ccc(o2)-c2c(F)c(F)c(-c3ccc(s3)-c3ccc(C)s3)c3nsnc23)c2nsnc12,0.6,14,0,0,0,150.96296200000052,66.27303800000011,847.4022540299163,1150.038357208001,10.45489415643637
Cn1c(-c2ccc(s2)C#Cc2ccc(cc2)-n2c3ccccc3c3ccccc23)c2c(c(-c3ccc(s3)C#Cc3ccc(cc3)-n3c4ccccc4c4ccccc34)n(C)c2=O)c1=O,0.6122448979591837,6,0,0,0,127.99496200000003,47.60503800000005,739.3459009210852,858.212318328001,8.757268554367357
CN1C(=S)S\\C(=C\\c2cc(C)c(s2)-c2ccc(s2)-c2sc(cc2C)-c2ccc(s2)-c2ccc(s2)-c2cc(C)c(s2)-c2ccc(s2)-c2sc(\\C=C3\\SC(=S)N(C)C3=O)cc2C)C1=O,0.5531914893617021,14,0,0,0,136.76137600000024,64.3186240000001,797.0873617076327,1027.911230264001,10.935225853872351
CN1C(=O)\\C(=C2\\C(=O)N(C)c3cc(ccc23)-c2ccc(s2)-c2n(C)c(=O)c3c(-c4cccs4)n(C)c(=O)c23)c2ccc(cc12)-c1ccc(s1)-c1n(C)c(=O)c2c(-c3cccs3)n(C)c(=O)c12,0.54,10,0,0,0,129.18296200000003,59.41703800000009,786.5247622666807,942.1422668080011,9.42142266808001
Cc1ccc(s1)-c1c2cc(sc2c(-c2ccc(C)s2)c2cc(sc12)-c1ccc(s1)-c1n(C)c(=O)c2c(-c3ccc(s3)-c3ccc(cc3)N(c3ccccc3)c3ccccc3)n(C)c(=O)c12)-c1ccc(s1)-c1n(C)c(=O)c2c(-c3ccc(s3)-c3ccc(cc3)N(c3ccccc3)c3ccccc3)n(C)c(=O)c12,0.5783132530120482,14,0,0,0,219.97558000000046,93.60442000000019,1268.1763710739901,1520.2441724000014,9.158097424096393
Cc1ccc(s1)-c1ccc(s1)-c1c(F)c(F)c(-c2ccc(s2)-c2cc3c(-c4cc(C)c(C)s4)c4sc(cc4c(-c4cc(C)c(C)s4)c3s2)-c2ccc(s2)-c2c(F)c(F)c(-c3ccc(s3)-c3ccc(C)s3)c3nc(C)c(C)nc23)c2nc(C)c(C)nc12,0.5454545454545454,14,0,0,0,179.8604780000005,79.75952200000015,1007.4538655231697,1314.0865703520012,9.955201290545464
Cc1cc2sc(cc2s1)-c1cc(F)c(-c2cc3sc4-c5cc6c(cc5C(c4c3s2)(c2ccc(C)cc2)c2ccc(C)cc2)-c2sc3cc(sc3c2C6(c2ccc(C)cc2)c2ccc(C)cc2)-c2c(F)cc(-c3cc4sc(C)cc4s3)c3nsnc23)c2nsnc12,0.6119402985074627,14,0,0,0,187.43289200000055,75.52710800000014,1017.3229873767635,1346.074113848001,10.045329207820902
COC(=O)C(=C\\c1sc(cc1C)-c1ccc(s1)-c1cc(C)c(s1)-c1cc2c(C#C[Si](C(C)C)(C(C)C)C(C)C)c3sc(cc3c(C#C[Si](C(C)C)(C(C)C)C(C)C)c2s1)-c1sc(cc1C)-c1ccc(s1)-c1cc(C)c(\\C=C(/C#N)C(=O)OC)s1)\\C#N,0.26582278481012656,14,0,0,0,204.57709600000084,129.1389040000002,1209.7542994680184,1316.2796298440019,8.330883733189886
COc1ccc(cc1F)-c1c2cc(oc2c(-c2ccc(OC)c(F)c2)c2cc(oc12)-c1ccc(s1)-c1n(C)c(=O)c2c(-c3cccs3)n(C)c(=O)c12)-c1ccc(s1)-c1n(C)c(=O)c2c(-c3cccs3)n(C)c(=O)c12,0.5454545454545454,12,0,0,0,141.05454800000032,65.4374520000001,847.693347381756,1058.138404552001,9.619440041381827
Cn1c(-c2cccs2)c2c(c(-c3ccc(s3)-c3ccc(cc3)-c3n(C)c(=O)c4c(-c5ccc(cc5)-c5ccc(s5)-c5n(C)c(=O)c6c(-c7cccs7)n(C)c(=O)c56)n(C)c(=O)c34)n(C)c2=O)c1=O,0.5384615384615384,10,0,0,0,133.85654800000015,61.4234520000001,818.4802737666535,968.1579168720011,9.309210739153857
Cc1ccc(s1)-c1ccc(s1)-c1cnc(-c2cc3c(s2)-c2sc(cc2[Si]3(C)C)-c2ccc(-c3cc4c(s3)-c3sc(cc3[Si]4(C)C)-c3ncc(-c4ccc(s4)-c4ccc(C)s4)c4nsnc34)c3nonc23)c2nsnc12,0.6330275229357798,19,0,0,0,162.51296200000044,98.16503800000008,871.287713880327,1185.960120768001,10.880368080440375
CN1C(=S)S\\C(=C\\c2cc(C)c(s2)-c2ccc(s2)-c2sc(cc2C)-c2sc(-c3cc(C)c(s3)-c3ccc(s3)-c3sc(\\C=C4\\SC(=S)N(C)C4=O)cc3C)c3c2C(=O)c2c(C)sc(C)c2C3=O)C1=O,0.5294117647058824,16,0,0,0,146.37896200000046,68.06103800000011,866.2223796628177,1109.916709568001,10.881536368313734
COc1ccc(-c2ccc(s2)-c2n(C)c(=O)c3c(-c4ccc(s4)-c4ccc(OC)c(OC)c4OC)n(C)c(=O)c23)c(OC)c1OC,0.38461538461538464,10,0,0,0,92.533376,52.59462400000007,571.3041633600469,660.1600079840009,8.46358984594873
Cn1c(-c2cccs2)c2c(c(-c3ccc(s3)C#Cc3ccc(s3)-c3n(C)c(=O)c4c(-c5cccs5)n(C)c(=O)c34)n(C)c2=O)c1=O,0.5588235294117647,8,0,0,0,90.65744600000002,42.22255400000004,559.8960720117025,678.0523891840007,9.9713586644706
COC(=O)C(=C\\c1cc(C)c(s1)-c1cc(C)c(s1)-c1cc(C)c(s1)-c1cc2cc3sc(cc3cc2s1)-c1sc(cc1C)-c1sc(cc1C)-c1sc(\\C=C(/C#N)C(=O)OC)cc1C)\\C#N,0.42,14,0,0,0,136.1125480000002,62.1434520000001,803.3627407133023,984.0440756320012,9.840440756320012
Cn1c(-c2cccs2)c2c(c(-c3ccc(s3)-c3ccc4cc5cc(ccc5cc4c3)-c3ccc(s3)-c3n(C)c(=O)c4c(-c5cccs5)n(C)c(=O)c34)n(C)c2=O)c1=O,0.5681818181818182,8,0,0,0,116.03179000000003,50.248210000000064,684.496223116056,830.1149894400011,9.433124880000012
COC(=O)C(=C\\c1cc(C)c(s1)-c1cc(C)c(s1)-c1cc(C)c(s1)-c1cc2c(-c3ccc(C)s3)c3sc(cc3c(-c3ccc(C)s3)c2s1)-c1sc(cc1C)-c1sc(cc1C)-c1sc(\\C=C(/C#N)C(=O)OC)cc1C)\\C#N,0.43333333333333335,16,0,0,0,163.94689200000062,75.08910800000014,956.281888214053,1176.0508178880011,9.80042348240001
Cc1ccc(s1)-c1ccc(s1)-c1c(F)c(F)c(-c2cc3c(s2)-c2cc4c(cc2C3(C)C)-c2sc(cc2C4(C)C)-c2ccc(s2)-c2n(C)c(=O)c3c(-c4ccc(s4)-c4cc5c(s4)-c4cc6c(cc4C5(C)C)-c4sc(cc4C6(C)C)-c4c(F)c(F)c(-c5ccc(s5)-c5ccc(C)s5)c5nsnc45)n(C)c(=O)c23)c2nsnc12,0.5542168674698795,18,0,0,0,226.19240800000046,99.86759200000016,1279.523198331266,1664.104939912001,10.024728553686753
COC(=O)c1ccc(o1)-c1ccc(s1)-c1n(C)c(=O)c2c(-c3ccc(s3)-c3ccc(o3)C(=O)OC)n(C)c(=O)c12,0.4666666666666667,10,0,0,0,74.51186,38.82014000000002,467.5282520169031,576.0661076000006,9.601101793333344
COc1c2cc(sc2c(OC)c2cc(sc12)-c1ccc(-c2cc3n(C)c4cc(C)sc4c3s2)c2nsnc12)-c1ccc(-c2cc3n(C)c4cc(C)sc4c3s2)c2nsnc12,0.5909090909090909,16,0,0,0,123.55420400000001,59.2217960000001,643.5134178580569,928.0039421360008,10.545499342454555
COC(=O)C(=C\\c1cc(C)c(s1)-c1ccc(s1)-c1sc(cc1C)-c1cc2c(-c3ccc(OC)c(F)c3)c3sc(cc3c(-c3ccc(OC)c(F)c3)c2s1)-c1cc(C)c(s1)-c1ccc(s1)-c1sc(\\C=C(/C#N)C(=O)OC)cc1C)\\C#N,0.4426229508196721,16,0,0,0,162.8713060000006,73.86069400000014,978.2984636282524,1204.077661504001,9.86948902872132
Cn1c(-c2ccc(s2)-c2ccc3n(C)c4c5c6ccccc6n(C)c5c5c6ccccc6n(C)c5c4c3c2)c2c(c(-c3ccc(s3)-c3ccc4n(C)c5c6c7ccccc7n(C)c6c6c7ccccc7n(C)c6c5c4c3)n(C)c2=O)c1=O,0.5454545454545454,10,0,0,0,166.44365000000067,70.49635000000012,880.6650648640326,1098.3498148400013,8.32083193060607
Cc1ccc(s1)-c1c2cc(sc2c(-c2ccc(C)s2)c2cc(sc12)-c1ccc(s1)-c1n(C)c(=O)c2c(-c3cccs3)n(C)c(=O)c12)-c1ccc(s1)-c1n(C)c(=O)c2c(-c3cccs3)n(C)c(=O)c12,0.5686274509803921,12,0,0,0,140.31896200000028,64.1010380000001,810.5223965654897,1034.034573568001,10.137593858509813
N#CC(C#N)=C(C(=C(C#N)C#N)c1ccc(C#Cc2cccnc2)c2nsnc12)c1ccc(cc1)N(c1ccccc1)c1ccccc1,0.5588235294117647,9,0,0,0,90.16586000000002,29.934139999999996,576.2233877110291,632.1531636400007,9.296370053529422
CN1C(=O)S\\C(=C/c2cc(C)c(s2)-c2ccc(s2)-c2sc(cc2C)-c2cc3c(-c4ccc(C)s4)c4sc(cc4c(-c4ccc(C)s4)c3s2)-c2cc(C)c(s2)-c2ccc(s2)-c2sc(\\C=C3/SC(=O)N(C)C3=O)cc2C)C1=O,0.5517241379310345,16,0,0,0,163.73972000000055,76.54028000000012,939.2679667149672,1211.963659760001,10.44796258413794
Cn1c(-c2ccc(s2)C#Cc2ccc(cc2)N(c2ccccc2)c2ccccc2)c2c(c(-c3ccc(s3)C#Cc3ccc(cc3)N(c3ccccc3)c3ccccc3)n(C)c2=O)c1=O,0.5882352941176471,6,0,0,0,130.66213400000007,51.61786600000006,785.8588188165687,862.2436184560011,8.453368808392167
COc1cc(-c2ccc(s2)-c2n(C)c(=O)c3c(-c4ccc(s4)-c4cc5ccc6cccc7ccc(c4)c5c67)n(C)c(=O)c23)c(OC)cc1-c1ccc(s1)-c1n(C)c(=O)c2c(-c3ccc(s3)-c3cc4ccc5cccc6ccc(c3)c4c56)n(C)c(=O)c12,0.5606060606060606,10,0,0,0,171.7244780000006,69.77152200000012,980.5960317799751,1190.2300191920012,9.016894084787888
COc1c2cc(sc2c(OC)c2cc(sc12)-c1sc(cc1C)-c1sc(cc1C)-c1nnc(nn1)-c1cc(C)c(s1)-c1cc(C)c(s1)-c1ccc(C)s1)-c1sc(cc1C)-c1sc(cc1C)-c1nnc(nn1)-c1cc(C)c(s1)-c1cc(C)c(s1)-c1ccc(C)s1,0.5362318840579711,22,0,0,0,188.76365000000058,87.71235000000016,1047.1772045027128,1370.0705248400013,9.928047281449285
Cn1c(-c2cccs2)c2c(c(-c3ccc(\\C=C\\c4ccc(s4)-c4n(C)c(=O)c5c(-c6cccs6)n(C)c(=O)c45)s3)n(C)c2=O)c1=O,0.5428571428571428,8,0,0,0,91.99103200000002,44.228968000000044,562.5325309594443,680.0680392480008,9.715257703542868
Cc1ccc(s1)-c1ccc(s1)-c1c(F)c(F)c(-c2cc3c(s2)-c2cc4c(cc2C3(C)C)-c2sc(cc2C4(C)C)-c2ccc(s2)-c2n(C)c(=O)c3c(-c4ccc(s4)-c4cc5c(s4)-c4cc6c(cc4C5(C)C)-c4sc(cc4C6(C)C)-c4c(F)c(F)c(-c5ccc(s5)-c5ccc(C)s5)c5nsnc45)n(C)c(=O)c23)c2nsnc12,0.5542168674698795,18,0,0,0,226.19240800000046,99.86759200000016,1279.523198331266,1664.104939912001,10.024728553686753
Cc1ccc(s1)-c1ccc(s1)-c1ccc(s1)-c1cc(F)c(-c2ccc3c(c2)n(C)c2c4ccc(cc4n(C)c32)-c2c(F)cc(-c3ccc(s3)-c3ccc(s3)-c3ccc(C)s3)c3nsnc23)c2nsnc12,0.6274509803921569,14,0,0,0,142.43137600000034,61.9886240000001,771.9527214670723,1058.042219464001,10.372962935921578
COC(=O)C(=C\\c1cc(C)c(s1)-c1ccc(s1)-c1sc(cc1C)-c1cc2c(-c3ccc(OC)cc3)c3sc(cc3c(-c3ccc(OC)cc3)c2s1)-c1cc(C)c(s1)-c1ccc(s1)-c1sc(\\C=C(/C#N)C(=O)OC)cc1C)\\C#N,0.4426229508196721,16,0,0,0,163.09089200000065,73.64110800000013,966.1633457206369,1168.0965051280011,9.574561517442632
COc1c2cc(sc2c(OC)c2cc(sc12)-c1sc(cc1C)-c1cc(C)c(C=C2C(=O)c3ccccc3C2=O)s1)-c1sc(cc1C)-c1cc(C)c(C=C2C(=O)c3ccccc3C2=O)s1,0.5306122448979592,12,0,0,0,131.72296200000014,55.81303800000008,771.8106770244465,946.0679648080011,9.653754742938787
COc1cc(-c2ccc(s2)-c2cc(F)c(-c3ccc(C)s3)c3nsnc23)c(OC)cc1-c1ccc(s1)-c1cc(F)c(-c2ccc(C)s2)c2nsnc12,0.5789473684210527,12,0,0,0,103.981032,49.09496800000006,591.1598079649111,798.0191584480007,10.500252084842113
CN1C(=S)S\\C(=C/c2ccc(s2)-c2ccc(s2)-c2ccc(s2)-c2cc3c(s2)-c2cc4c(cc2C3(c2ccc(C)cc2)c2ccc(C)cc2)-c2sc(cc2C4(c2ccc(C)cc2)c2ccc(C)cc2)-c2ccc(s2)-c2ccc(s2)-c2ccc(\\C=C3/SC(=S)N(C)C3=O)s2)C1=O,0.5753424657534246,14,0,0,0,203.53723600000058,84.38276400000017,1170.0167920207475,1432.0677309040009,9.808683088383567
Cc1cc(sc1-c1nc2sc(nc2s1)-c1sc(cc1C)-c1cc(F)c(-c2cc(C)c(s2)-c2nc3sc(nc3s2)-c2sc(cc2C)-c2ccc(cc2)N(c2ccccc2)c2ccccc2)c2nc(-c3ccccc3)c(nc12)-c1ccccc1)-c1ccc(cc1)N(c1ccccc1)c1ccccc1,0.6153846153846154,16,0,0,0,209.51061500000043,86.22938500000018,1171.5490614695875,1450.2299399800015,9.296345769102574
CC(C)[Si](C#Cc1c2cc(sc2c(C#C[Si](C(C)C)(C(C)C)C(C)C)c2cc(sc12)-c1sc(cc1C)-c1ccc(s1)-c1cc(C)c(\\C=C2\\SC(=O)N(C)C2=O)s1)-c1sc(cc1C)-c1ccc(s1)-c1cc(C)c(\\C=C2/SC(=O)N(C)C2=O)s1)(C(C)C)C(C)C,0.3375,14,0,0,0,210.37709600000082,134.6029040000002,1227.332348416647,1380.2237718440017,8.62639857402501
Cc1ccsc1C#Cc1c2ccccc2c(C#Cc2ccc(cc2)C#Cc2ccc(s2)-c2n(C)c(=O)c3c(-c4ccc(s4)C#Cc4ccc(cc4)C#Cc4c5ccccc5c(C#Cc5sccc5C)c5ccccc45)n(C)c(=O)c23)c2ccccc12,0.6153846153846154,6,0,0,0,175.00289200000054,59.13710800000009,1051.4587604352664,1168.2285626480013,8.98637355883078
COC(=O)C(=C\\c1cc(C)c(s1)-c1cc(C)c(s1)-c1cc(C)c(s1)-c1cc2c3cc(C)sc3c3cc(sc3c2s1)-c1sc(cc1C)-c1sc(cc1C)-c1sc(\\C=C(/C#N)C(=O)OC)cc1C)\\C#N,0.42452830188679247,15,0,0,0,145.35613400000042,66.60986600000011,847.8668029637051,1054.0317966960013,9.943696195245295
CN1C(=S)S\\C(=C/c2cc3c(s2)-c2sc(cc2[Si]3(C)C)-c2cc3c(-c4ccc(C)s4)c4sc(cc4c(-c4ccc(C)s4)c3s2)-c2cc3c(s2)-c2sc(\\C=C4/SC(=S)N(C)C4=O)cc2[Si]3(C)C)C1=O,0.5384615384615384,14,0,0,0,157.16854800000053,99.21145200000011,886.6831568806319,1135.8963834520011,10.922080610115396
CN1C(=S)S\\C(=C\\c2cc(C)c(s2)-c2ccc(s2)-c2sc(cc2C)-c2cc3c(s2)-c2sc(cc2P3(=O)c2ccccc2)-c2cc(C)c(s2)-c2ccc(s2)-c2sc(\\C=C3\\SC(=S)N(C)C3=O)cc2C)C1=O,0.5619047619047619,15,0,0,0,153.21375500000053,76.03624500000011,885.9584592117434,1149.9033816100011,10.951460777238106
COC(=O)c1sc2c(sc(-c3cc(C)c(s3)-c3ccc(s3)-c3sc(\\C=C4/SC(=S)N(C)C4=O)cc3C)c2c1F)-c1cc(C)c(s1)-c1ccc(s1)-c1sc(\\C=C2/SC(=S)N(C)C2=O)cc1C,0.5208333333333334,16,0,0,0,138.25558300000026,67.0324170000001,820.7353745644212,1077.8916376920013,11.228037892625013
Cc1ccc(s1)-c1c2cc(sc2c(-c2ccc(C)s2)c2cc(sc12)-c1ccc(s1)-c1n(C)c(=O)c2c(-c3ccc(s3)-c3ccc(s3)-c3cccs3)n(C)c(=O)c12)-c1ccc(s1)-c1n(C)c(=O)c2c(-c3ccc(s3)-c3ccc(s3)-c3cccs3)n(C)c(=O)c12,0.6,16,0,0,0,183.9733060000005,81.96669400000012,1047.1767506715623,1361.9854578240008,10.476811214030775
CN1C(=O)c2c(sc(-c3cc4n(C)c5cc(sc5c4s3)-c3sc(cc3C)-c3sc(C=C(C#N)C#N)cc3C)c2C1=O)-c1cc2n(C)c3cc(sc3c2s1)-c1sc(cc1C)-c1sc(C=C(C#N)C#N)cc1C,0.49019607843137253,17,0,0,0,144.58458300000038,62.38541700000011,839.1113983628725,1085.002562232001,10.637280021882363
COC(=O)C(=C\\c1cc(C)c(s1)-c1cc(C)c(s1)-c1cc(C)c(s1)-c1cc(C)c(s1)-c1cc2c(OC)c3sc(cc3c(OC)c2s1)-c1sc(cc1C)-c1sc(cc1C)-c1sc(cc1C)-c1sc(\\C=C(/C#N)C(=O)OC)cc1C)\\C#N,0.40625,18,0,0,0,171.55806400000063,82.57393600000016,1008.454312564749,1236.0719472560013,9.65681208793751
CSc1ccc(s1)-c1ccc(s1)-c1cc(F)c(-c2cc3c(-c4ccc(SC)s4)c4sc(cc4c(-c4ccc(SC)s4)c3s2)-c2c(F)cc(-c3ccc(s3)-c3ccc(SC)s3)c3nsnc23)c2nsnc12,0.6122448979591837,18,0,0,0,148.28420400000044,69.31579600000008,820.3587830653138,1169.8371973360008,11.93711425853062
COc1c(OC)c(-c2ccc(s2)-c2ccc(C)s2)c2nsnc2c1[C]1Sc2c3sc4c5S[C](C=c5n(C)c4c3n(C)c2=C1)c1c(OC)c(OC)c(-c2ccc(s2)-c2ccc(C)s2)c2nsnc12,0.5445544554455446,19,0,0,0,138.73896200000024,71.17303800000009,767.9503781830396,1046.012792568001,10.356562302653476
Cn1c(-c2ccc(s2)-c2ccc3[nH]ccc3c2)c2c(c(-c3ccc(s3)-c3ccc4[nH]ccc4c3)n(C)c2=O)c1=O,0.5806451612903226,4,2,0,0,79.91344600000001,33.286554,454.1785166078618,558.1184179440007,9.00190996683872
Cc1cc(C=C2C(=O)c3ccccc3C2=O)sc1-c1cc(C)c(s1)-c1cc(C)c(s1)-c1ccc(s1)-c1sc(cc1C)-c1sc(cc1C)-c1sc(C=C2C(=O)c3ccccc3C2=O)cc1C,0.5445544554455446,11,0,0,0,137.69254800000024,56.80745200000008,804.6947590957525,972.0658566320012,9.624414422099022
CSc1ccc(cc1)-c1c2cc(sc2c(-c2ccc(SC)cc2)c2cc(sc12)-c1ccc(s1)-c1n(C)c(=O)c2c(-c3cccs3)n(C)c(=O)c12)-c1ccc(s1)-c1n(C)c(=O)c2c(-c3cccs3)n(C)c(=O)c12,0.5454545454545454,12,0,0,0,149.6661340000005,68.11386600000012,874.4334195654353,1086.065873696001,9.8733261245091
COc1c2cc(sc2c(OC)c2cc(sc12)-c1sc(cc1C)-c1nnc(nn1)-c1cc(C)c(s1)-c1ccc(C)s1)-c1sc(cc1C)-c1nnc(nn1)-c1cc(C)c(s1)-c1ccc(C)s1,0.5510204081632653,18,0,0,0,133.09496200000012,61.8210380000001,741.338909501211,986.0570403280011,10.061806533959196
Cn1c(-c2ccc(s2)-c2cc(cc(c2)C(C)(C)C)C(C)(C)C)c2c(c(-c3ccc(s3)-c3cc(cc(c3)C(C)(C)C)C(C)(C)C)n(C)c2=O)c1=O,0.29411764705882354,4,0,0,0,117.75723599999998,62.2427640000001,691.522653889677,704.3470209040015,6.905362950039231
Cc1cc(sc1-c1cc(C)c(s1)-c1ccc(cc1)C(=C\\c1ccc(cc1)N(c1ccccc1)c1ccccc1)\\C#N)-c1cc(F)c(-c2cc(C)c(s2)-c2cc(C)c(s2)-c2ccc(cc2)C(=C\\c2ccc(cc2)N(c2ccccc2)c2ccccc2)\\C#N)c2nsnc12,0.564625850340136,11,0,0,0,191.9306150000006,75.42938500000014,1120.5068206944848,1278.3075789800014,8.695969925034023
COc1c(OC)c(-c2ccc(s2)-c2ccc(cc2)C(=C\\c2ccc(cc2)N(c2ccccc2)c2ccccc2)\\C#N)c2nsnc2c1-c1ccc(s1)-c1ccc(cc1)C(=C/c1ccc(cc1)N(c1ccccc1)c1ccccc1)\\C#N,0.5658914728682171,11,0,0,0,165.81006400000066,65.84593600000011,979.1005681429073,1100.3000877760012,8.529458044775202
Cc1ccc(s1)-c1ccc(s1)-c1c(F)c(F)c(-c2ccc(s2)-c2cc3c(s2)-c2cc4c(cc2C3(C)C)-c2sc(cc2C4(C)C)-c2ccc(s2)-c2ccc(s2)-c2n(C)c(=O)c3c(-c4ccc(s4)-c4ccc(s4)-c4cc5c(s4)-c4cc6c(cc4C5(C)C)-c4sc(cc4C6(C)C)-c4ccc(s4)-c4c(F)c(F)c(-c5ccc(s5)-c5ccc(C)s5)c5nsnc45)n(C)c(=O)c23)c2nsnc12,0.5773195876288659,22,0,0,0,269.84675199999975,117.73324800000017,1516.1775524373413,1992.055824168001,10.268328990556705
Cn1c(-c2cccs2)c2c(c(-c3ccc(s3)-c3cc4n(C)c(=O)c5cc6c7sc(cc7n(C)c(=O)c6cc5c4s3)-c3ccc(s3)-c3n(C)c(=O)c4c(-c5cccs5)n(C)c(=O)c34)n(C)c2=O)c1=O,0.56,14,0,0,0,133.64937600000016,62.33062400000011,778.4863522675673,1004.0707587440011,10.04070758744001
CC(=C(C#N)C#N)c1ccc(s1)-c1ccc(s1)-c1ccc(cc1)N(c1ccc(cc1)-c1ccc(s1)-c1ccc(s1)C(C)=C(C#N)C#N)c1ccc(cc1)-c1ccc(s1)-c1ccc(s1)C(C)=C(C#N)C#N,0.47572815533980584,13,0,0,0,142.29416900000032,52.99583100000007,878.2384350891526,1007.1121700560009,9.777788058796125
COC(=O)C(=C\\c1ccc(s1)-c1ccc(s1)-c1ccc(s1)-c1cc2c(s1)-c1cc3c(cc1C2(c1ccc(C)cc1)c1ccc(C)cc1)-c1sc(cc1C3(c1ccc(C)cc1)c1ccc(C)cc1)-c1ccc(s1)-c1ccc(s1)-c1ccc(\\C=C(/C#N)C(=O)OC)s1)\\C#N,0.5,14,0,0,0,193.5412360000006,78.19476400000015,1133.0011480264716,1336.1692761440013,9.278953306555564
COC(=O)C(=C\\c1cc(C)c(s1)-c1ccc(s1)-c1sc(cc1C)-c1ccc(s1)-c1n(C)c(=O)c2c(-c3ccc(s3)-c3cc(C)c(s3)-c3ccc(s3)-c3sc(\\C=C(/C#N)C(=O)OC)cc3C)n(C)c(=O)c12)\\C#N,0.43636363636363634,16,0,0,0,147.93013400000046,69.30586600000012,902.7548209161853,1094.0557029360014,9.94596093578183
CN1c2ccc(cc2Sc2cc(ccc12)C(=C(C#N)C#N)C(=C(C#N)C#N)c1ccc(cc1)N(c1ccccc1)c1ccccc1)C#Cc1ccc(cc1)N(c1ccccc1)c1ccccc1,0.5384615384615384,8,0,0,0,133.80134100000015,46.98865900000005,831.185283165296,875.2831151840011,8.416183799846165
Cc1ccc(s1)-c1ccc(s1)-c1cc(F)c(-c2cc3c(s2)-c2sc(cc2[Si]3(C)C)-c2c(F)cc(-c3ccc(s3)-c3ccc(C)s3)c3nsnc23)c2nsnc12,0.620253164556962,12,0,0,0,117.047032,65.98296800000007,642.4488416493165,881.9503977380007,11.163929085291148
CC(C)[Si](C#Cc1c2cc(sc2c(C#C[Si](C(C)C)(C(C)C)C(C)C)c2cc(sc12)-c1sc(cc1C)-c1ccc(s1)-c1cc(C)c(\\C=C2\\SC(=S)N(C)C2=O)s1)-c1sc(cc1C)-c1ccc(s1)-c1cc(C)c(\\C=C2/SC(=S)N(C)C2=O)s1)(C(C)C)C(C)C,0.3375,14,0,0,0,214.57309600000082,135.32690400000018,1246.7699434622943,1412.1780846040017,8.82611302877501
COC(=O)C(=C\\c1cc(C)c(s1)-c1ccc(s1)-c1sc(cc1C)-c1cc2c(cc3c4sc(cc4c(cc3c2s1)-c1ccc(C)s1)-c1cc(C)c(s1)-c1ccc(s1)-c1sc(\\C=C(/C#N)C(=O)OC)cc1C)-c1ccc(C)s1)\\C#N,0.4666666666666667,16,0,0,0,165.9533060000006,73.08269400000013,962.3444818185427,1198.0351678240013,9.983626398533344
CN1C(=S)S\\C(=C/c2ccc3N(C)c4ccc(cc4Sc3c2)-c2ccc(cc2)N(c2ccccc2)c2ccccc2)C1=O,0.5571428571428572,6,0,0,0,90.92541100000001,39.23458900000002,540.0680354806531,613.1316254840009,8.759023221200012
Cn1cc([C]2C(=O)[C](C2=O)c2c(O)cc(cc2O)N2[C@@H]3CCC[C@H]3c3c2ccc2ccccc32)c2ccc(F)cc12,0.5303030303030303,6,2,0,0,79.41482500000001,31.349174999999992,466.9433887160387,544.1798355000008,8.245149022727285
COc1ccc(-c2ccc(s2)-c2n(C)c(=O)c3c(-c4ccc(s4)-c4ccc(OC)cc4OC)n(C)c(=O)c23)c(OC)c1,0.42857142857142855,8,0,0,0,84.922204,45.109796000000046,519.1317390093512,600.1388786160007,8.573412551657153
Cn1cc([C]2C(=O)[C](C2=O)c2c(O)cc(cc2O)N2[C@@H]3CCC[C@H]3c3c2ccc2ccccc32)c2cc(F)ccc12,0.5303030303030303,6,2,0,0,79.41482500000001,31.349174999999992,466.9433887160387,544.1798355000008,8.245149022727285
Cc1ccc(s1)-c1c2cc(sc2c(-c2ccc(C)s2)c2cc(sc12)-c1ccc(s1)-c1n(C)c(=O)c2c(-c3ccc(s3)-c3ccc(F)cc3)n(C)c(=O)c12)-c1ccc(s1)-c1n(C)c(=O)c2c(-c3ccc(s3)-c3ccc(F)cc3)n(C)c(=O)c12,0.5737704918032787,12,0,0,0,165.47372000000053,72.34628000000014,967.8776655774586,1222.0783302000011,10.017035493442632
CN1C(=O)c2c(sc(-c3ccc(s3)-c3cc4c(-c5ccc(C)s5)c5sc(cc5c(-c5ccc(C)s5)c4s3)-c3ccc(s3)-c3sc(-c4cccs4)c4C(=O)N(C)C(=O)c34)c2C1=O)-c1cccs1,0.6170212765957447,14,0,0,0,136.57820400000023,59.5817960000001,769.1549538709638,1039.925617376001,11.063038482723414
N#CC(C#N)=C(C(=C(C#N)C#N)c1ccc(C#Cc2c3ccccc3cc3ccccc23)c2nsnc12)c1ccc(cc1)N(c1ccccc1)c1ccccc1,0.5679012345679012,8,0,0,0,107.42982500000002,33.810175,663.8317404415744,731.1892148000006,9.027027343209884
Cn1c(-c2ccc(s2)-c2ccc(s2)-c2ccc(s2)-c2n(C)c(=O)c3c(-c4ccc(s4)-c4cc5ccccc5s4)n(C)c(=O)c23)c2c(c(-c3ccc(s3)-c3cc4ccccc4s3)n(C)c2=O)c1=O,0.5959595959595959,11,0,0,0,136.08537600000022,59.634624000000095,789.3769131434336,1000.046852504001,10.101483358626272
CN1c2ccccc2Oc2cc(\\C=C(\\C#N)c3ccc(cc3)-c3ccc(s3)-c3n(C)c(=O)c4c(-c5ccc(s5)-c5ccc(cc5)C(=C\\c5ccc6N(C)c7ccccc7Oc6c5)\\C#N)n(C)c(=O)c34)ccc12,0.5535714285714286,10,0,0,0,142.47972000000033,58.236280000000086,864.6308990194516,972.2552457600011,8.68085040857144
COc1c2cc(sc2c(OC)c2cc(sc12)-c1cc2c(s1)-c1sc(\\C=C3/SC(=S)N(C)C3=O)cc1C2(C)C)-c1cc2c(s1)-c1sc(\\C=C3/SC(=S)N(C)C3=O)cc1C2(C)C,0.5,14,0,0,0,129.22537600000004,62.870624000000106,749.5107141097542,971.9569175040012,10.564749103304361
Cn1c(-c2cccs2)c2c(c(-c3ccc(s3)C#Cc3ccc(cc3)-n3c4ccccc4c4ccccc34)n(C)c2=O)c1=O,0.5909090909090909,5,0,0,0,86.16023900000002,34.859761000000006,504.456320062346,593.1231689760008,8.986714681454558
Cn1c(-c2ccc(s2)-c2ccc(s2)-c2ccc(\\C=C(/C#N)C(=O)NCc3ccccc3)s2)c2c(c(-c3ccc(s3)-c3ccc(s3)-c3ccccc3)n(C)c2=O)c1=O,0.5747126436781609,9,1,0,0,116.45979000000003,49.56021000000006,698.9954943627641,834.092145820001,9.587266043908057
COC(=O)C(=C\\c1cc(C)c(s1)-c1ccc(s1)-c1sc(cc1C)-c1cc2c(OC)c3sc(cc3c(OC)c2s1)-c1cc(C)c(s1)-c1ccc(s1)-c1sc(\\C=C(/C#N)C(=O)OC)cc1C)\\C#N,0.4117647058823529,16,0,0,0,137.71654800000024,65.6154520000001,820.9431946162833,1016.0339048720011,9.961116714431384
COC(=O)C(=C\\c1cc(C)c(s1)-c1cc(C)c(s1)-c1cc(C)c(s1)-c1cc(C)c(s1)-c1cc2c(OC)c3sc(cc3c(OC)c2s1)-c1sc(cc1C)-c1sc(cc1C)-c1sc(cc1C)-c1sc(\\C=C(/C#N)C(=O)OC)cc1C)\\C#N,0.40625,18,0,0,0,171.55806400000063,82.57393600000016,1008.454312564749,1236.0719472560013,9.65681208793751
COc1ccc(cc1)N(c1ccc(OC)cc1)c1ccc(cc1)-c1ccc(-c2cc3c(OC)c4sc(cc4c(OC)c3s2)-c2ccc(-c3ccc(cc3)N(c3ccc(OC)cc3)c3ccc(OC)cc3)c3nsnc23)c2nsnc12,0.53125,16,0,0,0,161.8980640000007,76.38993600000015,924.1933427664904,1124.2518172560012,8.78321732231251
C[Se]c1ccc(s1)-c1c2cc(sc2c(-c2ccc([Se]C)s2)c2cc(sc12)-c1ccc(s1)-c1n(C)c(=O)c2c(-c3cccs3)n(C)c(=O)c12)-c1ccc(s1)-c1n(C)c(=O)c2c(-c3cccs3)n(C)c(=O)c12,0.5576923076923077,12,0,0,0,147.85896200000047,72.5010380000001,856.1442205947494,1193.8676161680007,11.479496309307699
COC(=O)C(=C\\c1ccc(s1)-c1cc(C)c(s1)-c1cc(C)c(s1)-c1ccc(s1)-c1ccc(s1)-c1sc(cc1C)-c1sc(cc1C)-c1ccc(\\C=C(/C#N)C(=O)OC)s1)\\C#N,0.43478260869565216,14,0,0,0,126.76537600000002,58.13062400000009,760.0717177133567,932.0127755040011,10.13057364678262
CN(C)c1ccc(\\C=C2/C(=O)c3ccccc3C2=C(C#N)C#N)s1,0.40540540540540543,5,0,1,1,47.40030899999999,19.219690999999997,306.96282720386813,331.07793303600045,8.948052244216228
COC(=O)C(=C\\c1cc(C)c(s1)-c1cc(C)c(s1)-c1cc(C)c(s1)-c1ccc(s1)-c1sc(cc1C)-c1sc(cc1C)-c1sc(\\C=C(/C#N)C(=O)OC)cc1C)\\C#N,0.38461538461538464,13,0,0,0,121.858962,57.67703800000008,735.5000996345531,878.0563545680011,9.648970929318693
COc1c2cc(sc2c(OC)c2cc(sc12)-c1ccc(s1)-c1ccc(-c2ccc(C)s2)c2nsnc12)-c1ccc(s1)-c1ccc(-c2ccc(C)s2)c2nsnc12,0.6097560975609756,14,0,0,0,116.68061800000001,53.795382000000075,633.4408441103863,873.9821440720008,10.658318830146351
COC(=O)C(=C\\c1ccc(s1)-c1cc(C)c(s1)-c1cc(C)c(s1)-c1cc2c(-c3ccc(OC)cc3)c3sc(cc3c(-c3ccc(OC)cc3)c2s1)-c1sc(cc1C)-c1sc(cc1C)-c1ccc(\\C=C(/C#N)C(=O)OC)s1)\\C#N,0.4426229508196721,16,0,0,0,163.09089200000065,73.64110800000013,966.1633457206369,1168.0965051280011,9.574561517442632
Cn1c(-c2ccc(s2)-c2cc3ccccc3o2)c2c(c(-c3ccc(s3)-c3cc4ccccc4o3)n(C)c2=O)c1=O,0.6,6,0,0,0,77.98386,33.612140000000004,449.76544931540326,560.0864491200006,9.33477415200001
Cn1c(-c2cccs2)c2c(c(-c3ccc(s3)-c3ccc4cc(ccc4c3)-c3ccc(s3)-c3n(C)c(=O)c4c(-c5cccs5)n(C)c(=O)c34)n(C)c2=O)c1=O,0.5609756097560976,8,0,0,0,108.01820400000003,48.24179600000006,643.8416590638519,780.0993393760009,9.513406577756108
Cn1c(-c2ccc(s2)-c2ccc3c(c2)n(C)c2c4c5ccccc5n(C)c4c4c5ccccc5n(C)c4c32)c2c(c(-c3ccc(s3)-c3ccc4c(c3)n(C)c3c5c6ccccc6n(C)c5c5c6ccccc6n(C)c5c43)n(C)c2=O)c1=O,0.5454545454545454,10,0,0,0,166.44365000000067,70.49635000000012,880.6650648640326,1098.3498148400013,8.32083193060607
COc1cc2cc(sc2c2c(OC)cc3cc(sc3c12)-c1ccc(s1)-c1n(C)c(=O)c2c(-c3cccs3)n(C)c(=O)c12)-c1ccc(s1)-c1n(C)c(=O)c2c(-c3cccs3)n(C)c(=O)c12,0.5416666666666666,12,0,0,0,128.10937600000003,60.646624000000095,750.4302374676383,952.064610744001,9.91733969525001
Cc1ccc(s1)-c1ccc(s1)-c1cc(F)c(-c2ccc(s2)-c2ccc3-c4sc(cc4C(C)(C)c3c2)-c2c(F)cc(-c3ccc(s3)-c3ccc(C)s3)c3nsnc23)c2nsnc12,0.6179775280898876,12,0,0,0,125.874204,54.55579600000008,696.846057391082,942.0047713360008,10.58432327343821
Cc1cc(\\C=c2\\sc(=C(C#N)C#N)n(C)c2=O)sc1-c1ccc(s1)-c1sc(cc1C)-c1cc2c(s1)-c1sc(cc1C21c2cc(ccc2-c2ccc(cc12)C(C)(C)C)C(C)(C)C)-c1cc(C)c(s1)-c1ccc(s1)-c1sc(\\C=c2\\sc(=C(C#N)C#N)n(C)c2=O)cc1C,0.4482758620689655,18,0,0,0,195.1208220000006,86.20917800000018,1141.1116951346785,1366.1515349680012,9.42173472391725
Cc1cc(sc1C=C(C#N)C#N)-c1sc(cc1C)-c1cc2n(C)c3cc(sc3c2s1)-c1cc(C)c(s1)-c1cc(C)c(C=C(C#N)C#N)s1,0.43661971830985913,11,0,0,0,100.026239,41.82376100000003,593.7485525804353,729.0277717360007,10.267996785014093
Cn1c(-c2ccc(s2)-c2ccc(s2)-c2ccc(F)s2)c2c(c(-c3ccc(s3)-c3ccc(s3)-c3ccc(F)s3)n(C)c2=O)c1=O,0.6129032258064516,8,0,0,0,87.76027400000002,40.19972600000003,518.3562112172948,691.9660602560007,11.16074290735485
CN1C(=O)c2c(sc(-c3ccc(s3)-c3cc4c(-c5ccc(C)s5)c5sc(cc5c(-c5ccc(C)s5)c4s3)-c3ccc(s3)-c3sc(-c4ccc(s4)-c4ccc(s4)-c4n(C)c(=O)c5c(-c6ccc(s6)-c6ccccc6)n(C)c(=O)c45)c4C(=O)N(C)C(=O)c34)c2C1=O)-c1ccc(s1)-c1ccc(s1)-c1n(C)c(=O)c2c(-c3ccc(s3)-c3ccccc3)n(C)c(=O)c12,0.5955056179775281,22,0,0,0,247.93640800000028,107.82359200000015,1436.39566548705,1844.024956752001,10.359690768269667
Cc1ccc(s1)-c1ccc(s1)-c1ccc(-c2cc3c(s2)-c2cc4c(cc2C3(c2ccc(C)cc2)c2ccc(C)cc2)-c2sc(cc2C4(c2ccc(C)cc2)c2ccc(C)cc2)-c2ccc(-c3ccc(s3)-c3ccc(C)s3)c3nsnc23)c2nsnc12,0.5882352941176471,12,0,0,0,184.51965000000064,74.40035000000015,1014.6827384160032,1250.180115600001,9.192500850000007
Cc1ccc(s1)-c1ccc(s1)-c1ccc(s1)-c1c(F)c(F)c(-c2ccc(s2)-c2ccc(cc2)N(c2ccc3c(c2)-c2ccccc2C3(C)C)c2ccc3-c4ccccc4C(C)(C)c3c2)c2nsnc12,0.5636363636363636,8,0,0,0,144.78251300000036,59.64748700000009,814.9717513179982,989.1872097520012,8.992610997745466
Cc1ccc(s1)-c1c2cc(sc2c(-c2ccc(C)s2)c2cc(sc12)-c1c(F)c(F)c(-c2cc3n(C)c4cc(C)sc4c3s2)c2nsnc12)-c1c(F)c(F)c(-c2cc3n(C)c4cc(C)sc4c3s2)c2nsnc12,0.62,16,0,0,0,143.33820400000036,65.12179600000007,768.5303768233431,1131.9518677760009,11.319518677760009
Cc1c(F)cc(cc1F)-c1c2cc(sc2c(-c2cc(F)c(C)c(F)c2)c2cc(sc12)-c1ccc(s1)-c1n(C)c(=O)c2c(-c3cccs3)n(C)c(=O)c12)-c1ccc(s1)-c1n(C)c(=O)c2c(-c3cccs3)n(C)c(=O)c12,0.5555555555555556,10,0,0,0,143.42696200000037,63.633038000000106,861.6856064320381,1094.0840444480011,10.130407818962974
Cc1ccc(s1)-c1ccc(s1)-c1c(F)c(F)c(-c2ccc(s2)-c2cc3c(s2)-c2cc4c(cc2C3(C)C)-c2sc(cc2C4(C)C)-c2ccc(s2)-c2c(F)c(F)c(-c3ccc(s3)-c3ccc(C)s3)c3nsnc23)c2nsnc12,0.6,14,0,0,0,155.15896200000049,67.7210380000001,866.8398490755637,1181.9926699680009,10.745387908800009
Cn1c(-c2ccc(s2)-c2ccc3-c4ccccc4C(=O)c3c2)c2c(c(-c3ccc(s3)-c3ccc4-c5ccccc5C(=O)c4c3)n(C)c2=O)c1=O,0.5945945945945946,6,0,0,0,97.35103200000003,35.88896800000001,582.1936299720421,684.1177492480007,9.244834449297306
Cc1ccc(s1)-c1ccc(s1)-c1c(F)c(F)c(-c2cc3sc4-c5cc6c(cc5C(c4c3s2)(c2ccc(C)cc2)c2ccc(C)cc2)-c2sc3cc(sc3c2C6(c2ccc(C)cc2)c2ccc(C)cc2)-c2c(F)c(F)c(-c3ccc(s3)-c3ccc(C)s3)c3nsnc23)c2nsnc12,0.6056338028169014,14,0,0,0,196.5604780000005,79.75952200000015,1093.3691282843251,1434.0865703520008,10.099201199661977
COc1cc(ccc1N(c1ccc(cc1OC)-c1ccc(s1)-c1ccc(s1)C(C)=C(C#N)C#N)c1ccc(cc1OC)-c1ccc(s1)-c1ccc(s1)C(C)=C(C#N)C#N)-c1ccc(s1)-c1ccc(s1)C(C)=C(C#N)C#N,0.4260869565217391,16,0,0,0,153.71092700000057,64.22307300000011,956.4970716151963,1097.1438641080013,9.540381427026098
CN1C(=S)S\\C(=C/c2ccc(s2)-c2ccc(s2)-c2cc3c(s2)-c2cc4c(cc2C3(c2ccc(C)cc2)c2ccc(C)cc2)-c2sc(cc2C4(c2ccc(C)cc2)c2ccc(C)cc2)-c2ccc(s2)-c2ccc(\\C=C3/SC(=S)N(C)C3=O)s2)C1=O,0.5606060606060606,12,0,0,0,181.7100640000006,75.44993600000014,1051.6896149677111,1268.092288776001,9.606759763454553
Cn1cc([C]2C(=O)[C](C2=O)c2c(O)cc(cc2O)N2[C@@H]3CCC[C@H]3c3c2ccc2ccccc32)c2ccccc12,0.5303030303030303,6,2,0,0,79.524618,31.239381999999992,460.875829762231,526.1892573120007,7.972564504727283
COC(=O)C(=C\\c1ccc(s1)-c1ccc(s1)-c1ccc(s1)-c1cc2c(-c3ccc(C)s3)c3sc(cc3c(-c3ccc(C)s3)c2s1)-c1ccc(s1)-c1ccc(s1)-c1ccc(\\C=C(/C#N)C(=O)OC)s1)\\C#N,0.5098039215686274,16,0,0,0,145.92537600000043,63.050624000000106,852.5059768709093,1091.956917504001,10.705459975529422
COc1c2cc(sc2c(OC)c2cc(sc12)-c1sc(C=C2C(=O)c3ccccc3C2=O)cc1C)-c1sc(C=C2C(=O)c3ccccc3C2=O)cc1C,0.5384615384615384,10,0,0,0,103.88861800000002,42.867382000000035,618.8915295236956,754.0612225520008,9.667451571179498
Cc1cc(sc1-c1ccc(cc1)C(=C\\c1ccc(cc1)N(c1ccccc1)c1ccccc1)\\C#N)-c1cc(F)c(-c2cc(C)c(s2)-c2ccc(cc2)C(=C\\c2ccc(cc2)N(c2ccccc2)c2ccccc2)\\C#N)c2nsnc12,0.5748031496062992,9,0,0,0,164.09627100000066,62.483729000000096,967.5876731937338,1086.3008367240013,8.553549895464577
Cc1cc(sc1-c1cc(C)c(s1)-c1ccc(cc1)C(=C\\c1ccc(cc1)N(c1ccccc1)c1ccccc1)\\C#N)-c1ccc(-c2cc(C)c(s2)-c2cc(C)c(s2)-c2ccc(cc2)C(=C\\c2ccc(cc2)N(c2ccccc2)c2ccccc2)\\C#N)c2nsnc12,0.564625850340136,11,0,0,0,192.04040800000064,75.31959200000014,1114.439261740677,1260.3170007920014,8.57358503940137
COc1c2cc(\\C=C3/SC(=S)N(C)C3=O)sc2c(OC)c2cc(sc12)-c1cc2c(OC)c3sc(cc3c(OC)c2s1)-c1cc2c(OC)c3sc(\\C=C4/SC(=S)N(C)C4=O)cc3c(OC)c2s1,0.4897959183673469,18,0,0,0,135.7733760000002,69.8146240000001,792.1906744679475,1059.936575984001,10.81567934677552
COc1c2cc(sc2c(OC)c2cc(sc12)-c1c(F)cc(-c2ccc(s2)-c2ccc(C)s2)c2nsnc12)-c1c(F)cc(-c2ccc(s2)-c2ccc(C)s2)c2nsnc12,0.6097560975609756,14,0,0,0,116.46103200000002,54.014968000000074,645.5759620180017,909.9633004480007,11.09711342009757
COc1cc(-c2ccc(s2)-c2sc(cc2C)-c2sc(\\C=C(/C#N)C(C)=O)cc2C)c(OC)cc1-c1ccc(s1)-c1sc(cc1C)-c1sc(\\C=C(/C#N)C(C)=O)cc1C,0.3829787234042553,12,0,0,0,123.63254800000001,57.22345200000009,748.9465866602119,872.099933632001,9.277658868425542
COc1ccc(cc1)C1(c2cc(sc2-c2cc3c(cc12)-c1sc(cc1C3(c1ccc(OC)cc1)c1ccc(OC)cc1)-c1ccc(-c2ccc(s2)-c2ccc(C)s2)c2nsnc12)-c1ccc(-c2ccc(s2)-c2ccc(C)s2)c2nsnc12)c1ccc(OC)cc1,0.5714285714285714,16,0,0,0,187.72765000000058,81.34435000000016,1049.8436462219656,1314.159774080001,9.386855529142863
CN1C(=O)N(C)C(=O)C(=Cc2cc(C)c(s2)-c2cc(C)c(s2)-c2cc(C)c(s2)-c2ccc(s2)-c2sc(cc2C)-c2sc(cc2C)-c2sc(C=C3C(=O)N(C)C(=O)N(C)C3=O)cc2C)C1=O,0.4666666666666667,13,0,0,0,136.3437200000002,69.39628000000012,819.5450977329197,992.0992820000014,9.448564590476204
Cc1ccc(cc1)-c1c2cc(sc2c(-c2ccc(C)cc2)c2cc(sc12)-c1ccc(s1)-c1n(C)c(=O)c2c(-c3cccs3)n(C)c(=O)c12)-c1ccc(s1)-c1n(C)c(=O)c2c(-c3cccs3)n(C)c(=O)c12,0.5555555555555556,10,0,0,0,143.86613400000036,63.19386600000011,837.4153706168069,1022.1217316960012,9.464090108296308
Cc1ccc(s1)-c1ccc(s1)-c1ccc(s1)-c1ccc(-c2ccc3c(c2)n(C)c2c4ccc(cc4n(C)c32)-c2ccc(-c3ccc(s3)-c3ccc(s3)-c3ccc(C)s3)c3nsnc23)c2nsnc12,0.6274509803921569,14,0,0,0,142.65096200000033,61.7690380000001,759.8176035594565,1022.061063088001,10.020206500862756
CN1C(=S)S\\C(=C/c2cc(C)c(s2)-c2cc(C)c(s2)-c2ccc(s2)-c2sc(cc2C)-c2sc(\\C=C3/SC(=S)N(C)C3=O)cc2C)C1=O,0.5068493150684932,11,0,0,0,104.02061800000001,50.91938200000006,619.5965961280782,781.9480670720009,10.711617357150697
Cc1cc(C=C2C(=O)c3ccccc3C2=O)sc1-c1cc(C)c(s1)-c1ccc(s1)-c1sc(cc1C)-c1sc(C=C2C(=O)c3ccccc3C2=O)cc1C,0.5555555555555556,9,0,0,0,109.85820400000001,43.86179600000004,651.7756115950016,780.0591143760009,9.630359436740752
Cc1ccc(s1)-c1ccc(s1)-c1c(F)c(F)c(-c2ccc(s2)-c2cc3c(-c4ccc(C)s4)c4sc(cc4c(-c4ccc(C)s4)c3s2)-c2ccc(s2)-c2c(F)c(F)c(-c3ccc(s3)-c3ccc(C)s3)c3nsnc23)c2nsnc12,0.6481481481481481,16,0,0,0,158.29179000000042,68.62821000000008,876.7849801287089,1241.9055118400006,11.499125109629635
Cn1c(-c2cccs2)c2c(c(-c3ccc(s3)C#Cc3ccc(cc3)N(c3ccccc3)c3ccccc3)n(C)c2=O)c1=O,0.5735294117647058,5,0,0,0,87.49382500000002,36.86617500000001,527.7127790100877,595.1388190400008,8.7520414564706
CC(=C(C#N)C#N)c1ccc(s1)-c1ccc(s1)-c1ccc(s1)-c1ccc(cc1)N(c1ccc(cc1)-c1ccc(s1)-c1ccc(s1)-c1ccc(s1)C(C)=C(C#N)C#N)c1ccc(cc1)-c1ccc(s1)-c1ccc(s1)-c1ccc(s1)C(C)=C(C#N)C#N,0.5161290322580645,16,0,0,0,175.03492700000047,66.39507300000011,1055.729200668707,1253.075333248001,10.105446235870977
COC(=O)C(=C/c1ccc(s1)-c1ccc(-c2ccc(s2)-c2ccc3c(c2)n(C(C)C)c2cc(ccc32)-c2ccc(s2)-c2ccc(-c3ccc(\\C=C(/C#N)C(=O)OC)s3)c3nsnc23)c2nsnc12)\\C#N,0.49514563106796117,17,0,0,0,138.82216900000026,60.4838310000001,813.5212377906525,1023.091828536001,9.932930374135932
Cc1ccc(s1)-c1c2cc(sc2c(-c2ccc(C)s2)c2cc(sc12)-c1c(F)cc(-c2ccc(cc2)N(c2ccc(C)cc2)c2ccc(C)cc2)c2nsnc12)-c1c(F)cc(-c2ccc(cc2)N(c2ccc(C)cc2)c2ccc(C)cc2)c2nsnc12,0.5735294117647058,12,0,0,0,178.69365000000062,75.12635000000014,1001.914276018199,1228.2389280400012,9.03116858852942
COc1ccc(s1)-c1c2cc(sc2c(-c2ccc(OC)s2)c2cc(sc12)-c1ccc(s1)-c1n(C)c(=O)c2c(-c3cccs3)n(C)c(=O)c12)-c1ccc(s1)-c1n(C)c(=O)c2c(-c3cccs3)n(C)c(=O)c12,0.5576923076923077,14,0,0,0,141.92296200000033,67.57303800000011,828.1028504684707,1066.024402808001,10.250234642384624
Cc1csc(c1)-c1sc(cc1C)-c1sc(cc1C)-c1sc(cc1C)-c1c(F)c(F)c(-c2cc(C)c(s2)-c2cc(C)c(s2)-c2cc(C)c(s2)-c2cc(C)cs2)c2nsnc12,0.5268817204301075,11,0,0,0,128.90496200000004,60.7550380000001,719.5878701848079,940.017644528001,10.107716607827967
C[Se]c1ccc(cc1)-c1c2cc(sc2c(-c2ccc([Se]C)cc2)c2cc(sc12)-c1ccc(s1)-c1n(C)c(=O)c2c(-c3cccs3)n(C)c(=O)c12)-c1ccc(s1)-c1n(C)c(=O)c2c(-c3cccs3)n(C)c(=O)c12,0.5454545454545454,10,0,0,0,151.40613400000055,71.59386600000012,883.0371946460666,1181.954774296001,10.745043402690918
Cc1ccc(s1)-c1ccc(s1)-c1ccc(s1)-c1cc(F)c(-c2ccc(s2)-c2ccc(cc2)N(c2ccc3c(c2)-c2ccccc2C3(C)C)c2ccc3-c4ccccc4C(C)(C)c3c2)c2nsnc12,0.5636363636363636,8,0,0,0,144.89230600000036,59.53769400000009,808.9041923641904,971.1966315640012,8.829060286945465
Cn1c(-c2ccc(s2)-c2cc3ccc4cccc5ccc(c2)c3c45)c2c(c(-c3ccc(s3)-c3cc4ccc5cccc6ccc(c3)c4c56)n(C)c2=O)c1=O,0.6097560975609756,4,0,0,0,108.43420400000002,38.16579600000002,594.8032516212378,728.1592201360008,8.879990489463426
C[Si]1(C)c2cc(sc2-c2sc(cc12)-c1ccc(C#N)c2nsnc12)-c1ccc(C#N)c2nsnc12,0.6170212765957447,10,0,0,0,71.81151600000003,43.01848400000004,405.1070550401008,539.9775549140004,11.488884147106392
COc1ccc(cc1)-c1c2cc(sc2c(-c2ccc(OC)cc2)c2cc(sc12)-c1ccc(s1)-c1n(C)c(=O)c2c(-c3cccs3)n(C)c(=O)c12)-c1ccc(s1)-c1n(C)c(=O)c2c(-c3cccs3)n(C)c(=O)c12,0.5454545454545454,12,0,0,0,145.4701340000004,66.66586600000011,854.9958245197879,1054.111560936001,9.582832372145464
Cc1ccc(s1)-c1ccc(s1)-c1ccc(s1)-c1ccc(-c2ccc(s2)-c2ccc(cc2)N(c2ccc3c(c2)-c2ccccc2C3(C)C)c2ccc3-c4ccccc4C(C)(C)c3c2)c2nsnc12,0.5636363636363636,8,0,0,0,145.00209900000036,59.42790100000009,802.8366334103824,953.2060533760013,8.665509576145466
Cc1cc(sc1-c1ccc(cc1)C(=C/c1ccc(cc1)N(c1ccccc1)c1ccccc1)\\C#N)-c1ccc(-c2cc(C)c(s2)-c2ccc(cc2)C(=C\\c2ccc(cc2)N(c2ccccc2)c2ccccc2)\\C#N)c2nsnc12,0.5748031496062992,9,0,0,0,164.20606400000068,62.3739360000001,961.5201142399261,1068.3102585360014,8.411891799496074
Cc1ccc(s1)-c1c2cc(sc2c(-c2ccc(C)s2)c2cc(sc12)-c1ccc(-c2ccc(cc2)N(c2ccc(C)cc2)c2ccc(C)cc2)c2nsnc12)-c1ccc(-c2ccc(cc2)N(c2ccc(C)cc2)c2ccc(C)cc2)c2nsnc12,0.5735294117647058,12,0,0,0,178.91323600000064,74.90676400000014,989.7791581105835,1192.2577716640014,8.766601262235305
Cc1ccc(s1)-c1c2cc(sc2c(-c2ccc(C)s2)c2cc(sc12)-c1ccc(-c2ccc(s2)-c2cccs2)c2nsnc12)-c1ccc(-c2ccc(s2)-c2cccs2)c2nsnc12,0.6818181818181818,14,0,0,0,130.89661800000007,55.24338200000008,699.5955968127267,977.9364568320008,11.112914282181826
Cc1ccc(s1)-c1ccc(cc1)-c1n(C)c(=O)c2c(-c3ccc(cc3)-c3ccc(C)s3)n(C)c(=O)c12,0.5,4,0,0,0,75.707032,34.152968,449.3788607556747,508.12792000800073,8.468798666800012
Cc1c(C)c(sc1-c1ccc(C=C(C#N)C#N)s1)-c1ccc(s1)-c1sc(c(C)c1C)-c1ccc(C=C(C#N)C#N)s1,0.4098360655737705,9,0,0,0,85.67586,34.64414000000001,529.5486771800818,620.0291516400006,10.164412321967223
COc1c(OC)c(-c2ccc(s2)-c2ccc(\\C=C/c3ccc(cc3)N(c3ccccc3)c3ccccc3)cc2)c2nsnc2c1-c1ccc(s1)-c1ccc(\\C=C\\c2ccc(cc2)N(c2ccccc2)c2ccccc2)cc1,0.5748031496062992,9,0,0,0,161.60365000000073,66.71235000000011,933.06091229072,1050.3095898400013,8.270154250708671
COC(=O)C(=C\\c1cc(C)c(s1)-c1cc(C)c(s1)-c1cc(C)c(s1)-c1cc2c(OC)c3sc(cc3c(OC)c2s1)-c1sc(cc1C)-c1sc(cc1C)-c1sc(\\C=C(/C#N)C(=O)OC)cc1C)\\C#N,0.3888888888888889,16,0,0,0,143.72372000000036,69.62828000000012,855.5351650639982,1044.0652050000012,9.667270416666678
CN1C(=S)S\\C(=C\\c2cc(C)c(s2)-c2ccc(s2)-c2sc(cc2C)-c2cc3c(s2)-c2sc(cc2C32c3cc(ccc3-c3ccc(cc23)C(C)(C)C)C(C)(C)C)-c2cc(C)c(s2)-c2ccc(s2)-c2sc(\\C=C3\\SC(=S)N(C)C3=O)cc2C)C1=O,0.4744525547445255,14,0,0,0,186.50082200000065,86.38917800000017,1073.258461931218,1302.0833809680014,9.504258255240886
COC(=O)C(=C\\c1cc(C)c(s1)-c1cc(C)c(s1)-c1ccc(s1)-c1sc(cc1C)-c1sc(\\C=C(/C#N)C(=O)OC)cc1C)\\C#N,0.352112676056338,11,0,0,0,94.024618,44.73138200000004,582.5809521338022,686.0496123120008,9.662670595943673
CN1C(=S)S\\C(=C\\c2ccc3n(C)c4ccc(cc4c3c2)-c2ccc(s2)-c2ccc(-c3ccc(s3)-c3ccc4n(C)c5ccc(\\C=C6/SC(=S)N(C)C6=O)cc5c4c3)c3nsnc23)C1=O,0.5876288659793815,13,0,0,0,133.34137600000014,57.718624000000084,760.6544689359193,972.063171264001,10.021269806845371
CN1C(=O)\\C(=C2\\C(=O)N(C)c3cc(ccc23)-c2sc(c3OCCOc23)-c2ccc(-c3cccs3)c3nsnc23)c2ccc(cc12)-c1sc(c2OCCOc12)-c1ccc(-c2cccs2)c2nsnc12,0.6530612244897959,16,0,0,0,132.31579000000013,61.5162100000001,755.2298933198252,1002.0551086800009,10.225052129387764
Cc1cc(C=C(C#N)C#N)sc1-c1cc(C)c(s1)-c1cc2n(C)c3cc(sc3c2s1)-c1sc(cc1C)-c1sc(C=C(C#N)C#N)cc1C,0.43661971830985913,11,0,0,0,100.02623899999999,41.82376100000003,593.7485525804353,729.0277717360007,10.267996785014093
CN1c2ccccc2Oc2cc(\\C=C(/C#N)c3ccc(cc3)-c3ccc(o3)-c3n(C)c(=O)c4c(-c5ccc(o5)-c5ccc(cc5)C(=C\\c5ccc6N(C)c7ccccc7Oc6c5)\\C#N)n(C)c(=O)c34)ccc12,0.5535714285714286,10,0,0,0,138.28372000000024,56.78828000000008,845.1933039738042,940.300933000001,8.395544044642866
Cc1ccc(s1)-c1c2cc(sc2c(-c2ccc(C)s2)c2cc(sc12)-c1ccc(-c2cc3n(C)c4cc(C)sc4c3s2)c2nsnc12)-c1ccc(-c2cc3n(C)c4cc(C)sc4c3s2)c2nsnc12,0.62,16,0,0,0,143.77737600000034,64.6826240000001,744.2601410081121,1059.989555024001,10.59989555024001
COC(=O)C(=C\\c1cc(C)c(s1)-c1cc(C)c(s1)-c1cc(C)c(s1)-c1cc2c(OC)c3sc(cc3c(OC)c2s1)-c1sc(cc1C)-c1sc(cc1C)-c1sc(\\C=C(/C#N)C(=O)OC)cc1C)\\C#N,0.3888888888888889,16,0,0,0,143.72372000000036,69.62828000000012,855.5351650639982,1044.0652050000012,9.667270416666678
Cc1ccc(s1)-c1c2cc(sc2c(-c2ccc(C)s2)c2cc(sc12)-c1ccc(s1)-c1n(C)c(=O)c2c(-c3ccc(s3)-c3ccc(C)cc3)n(C)c(=O)c12)-c1ccc(s1)-c1n(C)c(=O)c2c(-c3ccc(s3)-c3ccc(C)cc3)n(C)c(=O)c12,0.546875,12,0,0,0,171.70047800000057,76.13952200000014,990.3345181175578,1214.1284739520013,9.48537870275001
COC(=O)C(=C\\c1cc(C)c(s1)-c1cc(C)c(s1)-c1ccc(s1)-c1sc(cc1C)-c1sc(cc1C)-c1ccc(-c2cc(C)c(s2)-c2cc(C)c(s2)-c2ccc(s2)-c2sc(cc2C)-c2sc(\\C=C(/C#N)C(=O)OC)cc2C)c2nsnc12)\\C#N,0.4573643410852713,19,0,0,0,177.0604780000006,81.83552200000014,1034.8025389882696,1286.0446869520013,9.969338658542645
CC(C)c1cc(C(C)C)c(-c2ccc(s2)-c2n(C)c(=O)c3c(-c4ccc(s4)-c4c(cc(cc4C(C)C)C(C)C)C(C)C)n(C)c(=O)c23)c(c1)C(C)C,0.2777777777777778,4,0,0,0,123.76440799999996,66.2555920000001,726.1146243373915,732.3783210320015,6.78128075029631
c1ccc2cc3cc4cc5ccccc5cc4cc3cc2c1,0.6111111111111112,0,0,0,0,46.075101999999994,14.044897999999998,243.78479070873408,278.1095504480004,7.725265290222233
CC1(C)\\C(=C/C=C2\\C(=O)c3ccccc3C2=C(C#N)C#N)N2CCCc3cccc1c23,0.4423076923076923,4,0,0,1,63.194652999999995,24.785346999999994,396.8358487294454,403.16846229200064,7.753239659461551
c1ccc2cc3cc4ccccc4cc3cc2c1,0.6,0,0,0,1,38.06151599999999,12.038483999999999,203.13022665653028,228.093900384,7.6031300127999994
CN1C(=O)\\C(=C2\\C(=O)N(C)c3cc(ccc23)-c2ccc(s2)-c2ccc(C)s2)c2ccc(cc12)-c1ccc(s1)-c1ccc(C)s1,0.5428571428571428,6,0,0,0,92.860618,41.07938200000003,535.7505263087379,646.0877120720008,9.229824458171441
CC(C)(C)c1nc(sc1\\C=C\\[C]1N(Cc2ccccc2)c2ccccc2C1(C)C)[C](C#N)C#N,0.3709677419354839,5,0,0,0,74.400204,34.539796,453.59983624544526,464.2034678960008,7.487152708000013
CN1\\C(=C\\C=C2/C(=O)c3ccccc3C2=C(C#N)C#N)C(C)(C)c2ccccc12,0.4166666666666667,4,0,1,1,58.521066999999995,22.778932999999995,374.6003372294725,377.1528122280005,7.857350254750011
CCc1cc2cc3c(C#C[Si](CC)(CC)CC)c4cc5sc(CC)cc5cc4c(C#C[Si](CC)(CC)CC)c3cc2s1,0.22727272727272727,2,0,0,0,110.99247799999998,81.94752200000015,623.2833754121331,622.2579465320014,7.071113028772743
C[Si](C)(C)C#Cc1c2cc3ccccc3cc2c(C#C[Si](C)(C)C)c2cc3ccccc3cc12,0.34375,0,0,0,0,84.50379,60.976210000000094,477.21649722487723,470.18860402000087,7.3466969378125135
