,PCE,polarizability,delLA,delLD,N_atom,Eg,lamda_h,DIP,AL-DH,delHD,E_bind,DL-AL,delGE,E_T1,fMF,nHBAcc,apol,bpol,Vabc,MW,AMW,ABC,ABCGG,nAromAtom,nAromBond,C1SP2,C2SP2,C3SP2,C1SP3,HybRatio,FCSP3
0,9.84,2609.936,0.033470005,0.009251871,130,530.36,0.344485262,6.210168907,3.40686553,0.218779544,1.727248407,0.149118395,1.635171153,1.6513,0.6117,34,301.898752,135.061248,1667.838824,2275.851075,11.04782075,118.52217030920504,74.23644237439984,114,122,2,70,20,10,0.1132075471698113,0.1132075471698113
1,9.54,1272.633,0.033470005,0.063130416,68,457.0,0.357499652,6.512217741,3.667822722,0.327897202,2.06897251,0.484362671,1.055898826,1.8847,0.5517,16,167.716134,77.483866,970.8406797,1279.899129,11.03361318,64.1196245256488,45.03026933325853,52,54,2,38,8,6,0.1379310344827586,0.1379310344827586
2,9.45,2583.469667,0.033470005,0.012245124,130,527.22,0.34670299,6.276385094,3.483601638,0.174152871,1.775410098,0.140410752,1.877727376,1.6548,0.6058,36,307.698752,139.981248,1704.856873,2339.795217,11.24901547,119.7176042720958,75.06311679258923,114,122,4,68,20,8,0.1132075471698113,0.1132075471698113
3,9.36,1267.351,0.033470005,0.046259356,68,454.6,0.367622832,6.428867361,3.58455588,0.38558534,2.018271839,0.528989344,1.334010409,1.8951,0.5517,16,167.93572,77.26428,958.7055618,1243.917973,10.7234308,62.56751159283312,43.81189459622676,52,54,2,38,8,6,0.1379310344827586,0.1379310344827586
4,9.01,1348.671333,0.033470005,0.06694001,68,452.77,0.36677683,6.529201455,3.695578335,0.344496147,2.041072734,0.467219498,1.18416243,1.9175,0.5424,18,173.73572,82.18428,995.7236107,1307.862115,11.08357724,63.762945555723846,44.64104711966649,52,54,4,36,8,4,0.1379310344827586,0.1379310344827586
5,9.0,1548.767667,0.077824564,0.5025943,86,613.14,0.197043088,6.097001923,3.23842705,0.330890454,1.911889803,0.155377014,0.0002,1.1221,0.5954,19,244.828822,108.071178,1363.125868,1931.901381,11.16706,100.36426904281832,61.23791014654277,99,102,0,60,18,10,0.1521739130434782,0.1521739130434782
6,8.91,2008.500333,0.033470005,0.066123668,99,520.42,0.242888831,6.104950641,3.302645921,0.139050183,1.89989119,0.437831201,1.959911452,1.7066,0.5954,21,243.088822,104.591178,1354.522093,1836.01248,10.6127889,100.36426904281832,61.23791014654277,99,102,0,60,18,10,0.1521739130434782,0.1521739130434782
7,8.9,1350.655,0.033470005,0.054422772,68,459.31,0.357077603,6.398346798,3.563058885,0.369530622,2.001557001,0.521098042,1.590221557,1.885,0.5246,16,173.942892,81.277108,993.2975322,1271.949273,10.42581371,64.1196245256488,45.04285721900341,52,54,2,36,10,8,0.1666666666666666,0.1666666666666666
8,8.85,2062.969,0.033470005,0.005714391,99,507.21,0.297586438,6.039254192,3.235161684,0.165445227,1.81728741,0.489260721,2.20108267,1.7187,0.5819,17,248.439201,111.530799,1381.513365,2024.844759,11.4398009,101.18076562374604,61.70109785130402,99,102,0,60,18,10,0.1612903225806451,0.1612903225806451
9,8.54,1219.206333,0.033470005,0.054694886,64,503.34,0.342527947,6.182630985,3.354347555,0.397830464,1.967524674,0.465314701,1.081186094,1.709,0.6,14,155.158962,67.721038,866.8398491,1181.99267,10.74538791,63.63374239083635,42.69233450799732,64,66,0,40,10,6,0.1379310344827586,0.1379310344827586
10,8.5,1370.196333,0.033470005,0.057143911,74,459.7,0.345840661,6.410014768,3.583195311,0.369802736,2.007289311,0.51102983,0.508959016,1.8738,0.5738,18,180.41572,82.18428,1013.121716,1355.862115,11.11362389,68.14348561328576,46.61220782781161,58,62,2,42,8,6,0.1290322580645161,0.1290322580645161
11,8.46,848.276,0.033470005,0.333611593,44,491.14,0.407513635,6.649024072,3.760341434,0.519465359,2.164220857,0.212793039,0.78958933,1.6123,0.5263,14,110.531032,54.844968,641.1286681,867.8943172,11.41966207,42.49272297872463,31.7001158840821,28,32,2,22,4,2,0.1666666666666666,0.1666666666666666
12,8.27,1219.206333,0.033470005,0.054694886,64,503.34,0.342527947,6.182630985,3.354347555,0.397830464,1.967524674,0.465314701,1.081186094,1.709,0.6,14,155.158962,67.721038,866.8398491,1181.99267,10.74538791,63.63374239083635,42.69233450799732,64,66,0,40,10,6,0.1379310344827586,0.1379310344827586
13,8.24,1237.82,0.033470005,0.056871797,64,511.6,0.369751034,6.158918983,3.330945763,0.39755835,1.958814802,0.43701486,0.494094465,1.6697,0.6,12,156.898962,71.201038,875.4436242,1277.881571,11.61710519,63.63374239083635,42.69233450799732,64,66,0,40,10,6,0.1379310344827586,0.1379310344827586
14,8.23,1702.321333,0.033470005,0.026939272,90,461.73,0.269452586,6.295822187,3.484145866,0.240548652,1.931837497,0.570894879,0.001019804,1.847,0.5658,20,220.937236,99.142764,1238.650939,1623.900157,10.68355366,82.92842681604651,55.94699695139168,74,78,2,52,12,8,0.1282051282051282,0.1282051282051282
15,8.13,1753.540667,0.033470005,0.214153608,82,454.94,0.190216568,6.155953758,3.353803327,0.536880646,1.959452233,0.07755245,0.112600711,1.2851,0.5517,16,167.93572,77.26428,958.7055618,1243.917973,10.7234308,62.56751159283312,43.81189459622676,52,54,2,38,8,6,0.1379310344827586,0.1379310344827586
16,8.02,1702.321333,0.033470005,0.026939272,90,461.73,0.269452586,6.295822187,3.484145866,0.240548652,1.931837497,0.570894879,0.001019804,1.847,0.5658,20,220.937236,99.142764,1238.650939,1623.900157,10.68355366,82.92842681604651,55.94699695139168,74,78,2,52,12,8,0.1282051282051282,0.1282051282051282
17,8.02,1093.602333,0.033470005,0.165445227,60,510.41,0.30025125,6.490832585,3.632992148,0.376061355,2.057093996,0.184221083,0.002271563,1.4466,0.5957,16,143.234204,65.225796,796.2915453,1111.824072,11.82791566,55.19678395244552,39.32929779645725,44,50,2,32,6,4,0.125,0.125
18,7.95,1895.354,0.033470005,0.271841746,102,601.72,0.419700254,5.996121424,3.199242654,0.266127355,1.942713936,0.267487925,0.071062648,1.0859,0.4808,18,146.714962,66.145038,867.5770539,1093.995034,10.51918302,56.10609130623148,39.1477104199677,48,49,4,28,8,6,0.1666666666666666,0.1538461538461538
19,7.85,1417.189667,0.033470005,0.069389034,74,457.58,0.354537965,6.492803233,3.668911177,0.324359721,2.049347596,0.48708381,0.000707107,1.8863,0.5645,20,186.21572,87.10428,1050.139765,1419.806257,11.45005046,69.33891957617651,47.06806408192631,58,62,4,40,8,4,0.1290322580645161,0.1290322580645161
20,7.83,966.619,0.033470005,0.250344751,52,511.4,0.330412894,6.288385859,3.401423253,0.250616865,2.14882907,0.436470632,0.1414,1.6734,0.5909,16,123.115032,59.660968,667.7836537,999.9662549,11.3632529,53.32115010347079,37.79773749584104,52,60,0,32,6,2,0.1363636363636363,0.1363636363636363
21,7.83,1142.542,0.033470005,0.047619926,58,453.52,0.392400431,6.507800789,3.635169058,0.354292246,2.076666913,0.51102983,0.127617906,1.8956,0.5243,15,146.910548,70.067452,849.1686117,1095.937445,10.64016937,54.76082742907968,37.83683268177246,42,44,2,31,7,5,0.16,0.16
22,7.81,1335.658,0.033470005,0.287896464,84,487.94,0.222435937,6.385023287,3.579385717,0.17197596,1.93626975,0.335788504,0.000754983,1.7828,0.6364,18,192.806134,81.573866,1047.102233,1481.912254,11.22660799,78.67225290950992,55.85695097953493,84,92,2,48,16,6,0.0833333333333333,0.0833333333333333
23,7.81,1518.656333,0.033470005,0.454974374,72,450.48,0.159145791,6.289325196,3.515983188,0.488988607,1.877279116,-0.154560673,0.000412311,1.2795,0.5517,16,167.93572,77.26428,958.7055618,1243.917973,10.7234308,62.56751159283312,43.81189459622676,52,54,2,38,8,6,0.1379310344827586,0.1379310344827586
24,7.79,1172.373333,0.033470005,0.05850448,64,452.78,0.415044386,6.403080491,3.586732791,0.487628038,1.942959361,0.500145275,0.203370229,1.9244,0.4561,16,157.93972,71.07628,921.6899178,1148.019518,10.07034665,59.463285727201736,42.52953628566537,52,54,2,36,10,6,0.1428571428571428,0.1379310344827586
25,7.75,1386.825667,0.033470005,0.035374802,72,460.42,0.280595649,6.441486913,3.602787509,0.223405479,2.084922908,0.562731463,0.279533236,1.8295,0.5574,16,175.949306,79.270694,999.3601258,1293.933623,10.6060133,66.06260538424598,45.17972226760179,56,59,2,40,10,6,0.1290322580645161,0.1290322580645161
26,7.74,1560.979667,0.077824564,0.049796836,80,538.39,0.339081081,6.138405952,3.268903803,0.28054939,1.958974215,0.404905424,0.072917213,1.5584,0.6119,20,201.158892,116.301108,1073.732185,1447.925592,10.80541487,76.06200462367218,48.92763334299885,80,84,2,52,6,4,0.1176470588235294,0.1176470588235294
27,7.72,1424.967333,0.033470005,0.053334317,78,454.73,0.348321796,6.404553987,3.5810184,0.388034365,1.984390656,0.522458612,1.400475237,1.9001,0.5692,18,189.762892,86.197108,1077.032739,1407.893415,10.82994934,70.97191273803197,49.12699864779173,62,64,2,46,8,6,0.1212121212121212,0.1212121212121212
28,7.7,1136.728667,0.033470005,0.244086133,70,483.18,0.345645828,6.452971479,3.607957672,0.413613068,2.072719529,0.38068729,0.0001,1.9115,0.4769,20,171.129306,81.242694,1018.086609,1326.070445,10.20054189,70.86717142135528,51.92127059103021,62,66,4,40,10,6,0.15625,0.15625
29,7.62,1384.909,0.033470005,0.013877807,69,480.76,0.590317821,6.410861042,3.556256039,0.394292984,1.838784706,0.256331256,3.790270147,1.7867,0.4711,19,168.309306,76.630694,993.2881243,1230.029706,10.16553476,63.27461837401966,44.61429485989026,55,55,4,32,10,8,0.1785714285714285,0.1666666666666666
30,7.61,972.3013333,0.033470005,0.237283286,54,506.43,0.337680783,6.500522287,3.643332474,0.574160245,2.104148141,0.232929464,0.833808311,1.606,0.5682,14,130.754204,60.305796,741.8753913,999.8799301,11.36227193,49.70169016103269,37.04941701922164,38,42,2,28,6,4,0.1363636363636363,0.1363636363636363
31,7.6,1407.576,0.033470005,0.029116183,74,450.89,0.373905396,6.390406788,3.555439697,0.371435419,1.941839144,0.526812433,0.023486379,1.9321,0.5469,18,186.422892,86.197108,1047.713686,1383.893415,10.8116673,69.69559854610148,45.84754373200024,58,62,2,40,10,8,0.15625,0.15625
32,7.55,1105.626667,0.033470005,0.043266104,59,466.08,0.585607258,6.592955828,3.721701266,0.522458612,1.989677014,0.269392722,2.602215206,1.8935,0.4653,17,140.474962,63.685038,840.3689768,1038.022963,10.27745508,53.31810429600517,38.79061325016925,45,45,4,26,8,6,0.1739130434782608,0.16
33,7.55,841.9096667,0.033470005,0.303951182,44,464.05,0.459667794,6.695724253,3.802519082,0.517560562,2.215134445,0.361367206,1.1234,1.8039,0.5405,12,108.927032,51.372968,623.5482142,835.904488,11.29600659,41.29728901583389,30.420433423813588,28,32,2,20,6,4,0.1666666666666666,0.1666666666666666
34,7.47,1664.130333,0.033470005,0.368714281,74,453.06,0.215720167,6.040295027,3.235433798,0.560826666,1.994417164,0.217691088,0.061941989,1.2845,0.525,14,109.448239,43.199761,661.8520127,809.0908404,10.1136355,45.64306834403098,31.121470178263426,40,42,0,26,10,2,0.0769230769230769,0.0697674418604651
35,7.37,929.7506667,0.033470005,0.01197301,64,396.99,0.452930527,6.632294512,3.716531103,0.330346226,2.166692756,0.834845323,0.0,2.392,0.566,12,139.476548,56.319452,825.3033069,984.1456209,9.28439265,57.58765187822699,34.774080644855445,48,50,0,42,12,0,0.0689655172413793,0.0689655172413793
36,7.35,1239.065,0.033470005,0.140138638,62,516.21,0.396325946,6.344037226,3.505914975,0.539057557,2.059789733,0.334427934,0.923788883,1.6725,0.56,17,146.708583,69.221417,855.1757206,1140.868379,11.40868379,56.89872679952228,41.71217631055729,41,43,4,30,6,4,0.1428571428571428,0.1428571428571428
37,7.3,1798.314333,0.077824564,0.136601158,86,577.87,0.377586009,6.131050986,3.272713397,0.170887504,1.972899461,0.291433944,1.3291,1.4776,0.6312,24,214.209306,136.520694,1156.432866,1591.895971,11.29004235,83.83259677568334,52.28743368596072,86,90,2,54,6,2,0.1142857142857142,0.1142857142857142
38,7.24,993.939,0.033470005,1.441387118,46,566.97,0.362080417,6.557293402,3.609590356,0.367897939,1.63111501,-0.562731463,18.99251089,0.886,0.5439,8,146.488513,51.001487,903.7953587,951.3144153,8.344863292,57.44510402471991,36.674354687787776,54,54,0,48,8,0,0.0508474576271186,0.0153846153846153
39,7.21,1267.351,0.033470005,0.046259356,68,454.6,0.367622832,6.428867361,3.58455588,0.38558534,2.018271839,0.528989344,1.334010409,1.8951,0.5517,16,167.93572,77.26428,958.7055618,1243.917973,10.7234308,62.56751159283312,43.81189459622676,52,54,2,38,8,6,0.1379310344827586,0.1379310344827586
40,7.21,1235.309667,0.033470005,0.285175326,78,520.62,0.402642525,6.300383087,3.44142399,0.174969212,2.163316301,0.443001364,0.0729,1.1512,0.5968,8,163.89372,62.50628,940.5587253,1166.190046,9.404758437,70.26785176431105,43.19736110259182,58,64,4,42,20,0,0.0571428571428571,0.0571428571428571
41,7.2,1543.003333,0.077824564,0.060409277,80,530.72,0.333681254,6.321535042,3.443328787,0.178506692,2.039813052,0.336332731,0.103392166,1.5727,0.6212,22,198.685306,116.574694,1061.133736,1449.91609,10.98421281,76.06200462367218,48.92763334299885,80,84,4,50,4,4,0.1212121212121212,0.1212121212121212
42,7.18,1143.852667,0.033470005,0.047619926,58,453.34,0.384474843,6.522940115,3.650407435,0.345584602,2.080714219,0.500961617,1.282700004,1.8899,0.5192,16,147.712548,71.803452,857.9588386,1111.93236,10.6916573,55.35854441052505,38.47664879222223,42,44,2,32,6,4,0.16,0.16
43,7.14,552.844,0.033470005,0.708584492,32,394.63,0.441006225,6.510815266,3.550541648,0.481913646,2.303662565,0.917840051,14.79378419,2.3676,0.5811,5,93.844204,35.705796,556.1575432,612.1871491,8.272799313,37.27910731335207,24.25664158709919,36,36,0,34,6,0,0.024390243902439,0.024390243902439
44,7.12,1219.804333,0.033470005,0.040817079,70,442.13,0.322017637,6.509625312,3.656938167,0.319189558,2.10119642,0.593480329,0.428982296,1.9476,0.4603,14,169.500478,72.175522,989.2374559,1186.122326,9.413669254,64.37259308098768,43.41640671408082,58,61,2,38,16,6,0.125,0.1212121212121212
45,6.97,1128.533667,0.033470005,0.052517975,56,468.06,0.468715308,6.458401511,3.583195311,0.355108588,2.113772835,0.516472107,1.289426264,1.8343,0.5532,14,136.54179,64.53821,809.2224796,1063.892387,11.31800411,52.16311044763433,37.30666784500716,40,40,2,32,4,4,0.1304347826086956,0.1304347826086956
46,6.89,2047.231,0.033470005,0.008163416,112,453.42,0.304081796,6.284583885,3.483873752,0.178506692,1.843681677,0.552935364,0.923882574,1.8844,0.5745,24,273.938752,121.021248,1518.596316,2003.882341,10.65894862,103.28934203925994,67.82780300258257,96,102,2,66,16,10,0.1224489795918367,0.1224489795918367
47,6.86,2263.554,0.033470005,0.254154345,110,554.19,0.225691236,6.15026032,3.369858045,0.07401497,1.913320053,0.215514177,0.069894993,1.0138,0.5833,24,267.373166,118.006834,1503.579103,1994.046322,10.38565793,109.5732362251264,66.20513446221106,100,102,6,60,18,10,0.16,0.16
48,6.86,880.1276667,0.033470005,0.291706058,48,513.67,0.402856678,6.371806717,3.500472698,0.458783968,2.209829317,0.399735261,1.728577997,1.6438,0.6203,12,116.827446,66.202554,654.5839596,917.9315541,11.61938676,47.3778688645867,34.66054189039064,48,50,0,32,4,2,0.1,0.1
49,6.84,2010.799333,0.033470005,0.08598798,99,525.92,0.289657041,6.102811826,3.299924783,0.143676118,1.904080604,0.409259246,2.074627796,1.6695,0.5954,19,244.828822,108.071178,1363.125868,1931.901381,11.16706,100.36426904281832,61.23791014654277,99,102,0,60,18,10,0.1521739130434782,0.1521739130434782
50,6.83,2079.448667,0.033470005,0.013333579,64,548.46,0.381169476,6.263250974,3.477887247,0.146397257,1.874884402,0.168710593,0.343208945,1.0848,0.5045,18,277.013784,109.574216,1618.358342,1820.554648,8.200696612,111.37132339354424,68.14801272485398,82,84,0,62,24,8,0.2456140350877192,0.2068965517241379
51,6.83,1476.633667,0.077824564,0.501777958,80,626.62,0.179129833,5.961344456,3.102914348,0.432388924,1.898870666,0.226670846,0.056615457,1.1117,0.5636,12,151.946134,61.273866,872.5574002,1078.053578,9.80048707,59.439424639564805,41.54966474122406,54,56,0,40,14,6,0.1,0.1
52,6.73,715.5566667,0.033470005,0.032925777,46,430.85,0.365967019,6.787249206,3.882248444,0.664502047,2.067521096,0.275923454,4.727540872,1.9597,0.4722,10,98.368239,38.639761,605.7397831,705.0785444,9.792757561,38.8146412192848,27.046676073189232,32,32,0,26,6,2,0.0857142857142857,0.0769230769230769
53,6.71,956.7683333,0.033470005,0.110478227,52,467.8,0.56396822,6.769456769,3.890956087,0.536608532,2.153612917,0.221228568,0.0001,1.8298,0.4762,16,118.880618,53.199382,714.6579064,901.9882921,10.73795586,46.14957722821699,33.285182232100524,38,39,4,22,6,4,0.1578947368421052,0.1428571428571428
54,6.7,899.9833333,0.033470005,0.364632573,48,550.78,0.447649341,6.379409034,3.508364,0.403544855,2.177898656,0.203541167,2.181782918,1.5088,0.6364,14,114.793032,66.036968,617.7152745,847.9597393,11.01246415,44.35452322799509,30.95826437010457,48,50,2,30,2,2,0.1052631578947368,0.1052631578947368
55,6.68,1392.464667,0.033470005,0.042177648,64,477.89,0.460235423,6.183775223,3.373123411,0.556744958,1.920087035,0.550486339,1.112365035,1.855,0.5034,12,192.338408,79.331592,1105.437477,1300.194428,8.966858126,73.94663505848895,49.167143089170416,64,64,0,46,18,10,0.1688311688311688,0.1688311688311688
56,6.67,2798.579,0.033470005,0.042721876,134,526.95,0.143208082,6.049306078,3.288496001,0.07891302,1.813766607,0.421232256,0.285552972,1.701,0.5932,28,331.018682,141.461318,1842.204338,2490.03229,10.55098428,137.0947956948002,78.76118347906177,134,138,0,80,26,14,0.1587301587301587,0.1587301587301587
57,6.67,631.7606667,0.033470005,0.724911324,34,449.59,0.221266392,6.666307656,3.732041593,0.807633937,2.156575357,0.305311751,14.59339875,1.8676,0.625,6,93.377032,33.972968,559.3416876,636.161997,8.835583292,38.65288076120528,25.29487356429273,37,39,2,26,8,0,0.027027027027027,0.024390243902439
58,6.59,1679.734,0.033470005,0.500689503,76,454.68,0.196539133,6.08138422,3.315435273,0.562187235,1.86764714,0.054150658,0.004002499,1.2787,0.4898,14,135.232548,66.883452,803.5426846,999.9882176,10.2039614,49.86345061911221,36.16468152641207,36,36,2,28,6,4,0.1739130434782608,0.1739130434782608
59,6.59,881.6106667,0.033470005,0.271297519,48,518.84,0.41455703,6.294452366,3.429178866,0.536064305,2.197980627,0.440280226,1.486196044,1.6179,0.6203,12,116.937239,66.092761,648.5164006,899.9409759,11.39165792,46.64225251269875,33.73813648411562,48,50,0,32,4,2,0.1,0.1
60,6.52,889.9333333,0.033470005,0.229664098,50,530.03,0.42515396,6.197393706,3.313258362,0.328169315,2.178423963,0.486811696,0.304079907,1.1472,0.5455,11,117.62379,56.90421,697.2259202,874.0540461,9.932432342,48.12272411495498,35.949161344328694,30,30,6,25,5,2,0.1627906976744186,0.1627906976744186
61,6.49,1577.396667,0.033470005,0.087620663,84,448.95,0.443181776,6.336910291,3.508364,0.283814756,2.576907011,0.706679695,0.005297169,1.6443,0.56,22,208.986822,93.173178,1147.923928,1502.056138,10.01370758,79.37631388323084,50.796906932716006,84,86,4,46,12,12,0.1621621621621621,0.1621621621621621
62,6.47,1013.256,0.033470005,0.142587663,49,484.36,0.426177653,6.254875854,3.390538698,0.614160982,2.044450594,0.529261458,0.696468829,1.7788,0.5844,15,113.230239,55.499761,624.6851044,888.905885,11.54423227,45.30921955965234,30.30322100106604,33,39,2,28,0,0,0.1351351351351351,0.1351351351351351
63,6.4,1020.531667,0.033470005,0.123811806,54,502.4,0.358343477,6.229583687,3.375300322,0.473750231,2.149754513,0.54912577,0.0478,1.696,0.5833,12,141.271376,89.448624,772.8032737,1013.989925,10.56239505,53.75810854186164,36.57025551857866,54,56,0,36,6,2,0.125,0.125
64,6.4,1619.864333,0.033470005,0.085715866,70,522.46,0.326612824,6.027719557,3.252849085,0.405177538,1.915055515,0.476471369,0.045929294,1.6611,0.6154,16,218.607236,88.472764,1199.561187,1562.080856,10.01333882,87.01203983299536,55.86667195946787,94,98,0,60,18,6,0.0930232558139534,0.0930232558139534
65,6.38,1183.743333,0.033470005,0.06694001,58,455.72,0.372785104,6.561943828,3.703197523,0.31510785,2.111671669,0.481097305,0.058324009,1.8969,0.5192,16,151.908548,73.251452,877.3964337,1143.886672,10.99891031,55.35854441052505,38.47664879222223,42,44,2,32,6,4,0.16,0.16
66,6.38,1143.852667,0.077824564,0.047619926,58,453.34,0.384474843,6.522940115,3.591086613,0.345584602,2.080714219,0.560282438,1.282700004,1.8899,0.5192,16,147.712548,71.803452,857.9588386,1111.93236,10.6916573,55.35854441052505,38.47664879222223,42,44,2,32,6,4,0.16,0.16
67,6.37,1208.665667,0.033470005,0.024490248,64,465.76,0.588690581,6.550799405,3.680067845,0.430756241,1.941092478,0.280821504,0.876721786,1.8919,0.4815,18,151.388548,68.151452,899.5325654,1120.010684,10.3704693,57.52030486860457,40.99853328030091,50,50,4,30,8,6,0.16,0.1481481481481481
68,6.3,1780.68,0.077824564,0.077008222,86,572.17,0.464352234,6.070334493,3.21094355,0.235922717,1.959218515,0.363816231,2.2016,1.4951,0.6312,24,214.428892,136.301108,1144.297748,1555.914815,11.03485684,82.28048384286764,50.37317156232305,86,90,2,54,6,2,0.1142857142857142,0.1142857142857142
69,6.3,1067.946,0.033470005,0.253610118,62,460.73,0.396451662,6.180870408,3.335299585,0.481097305,2.084087623,0.781511007,0.081725945,1.9507,0.5345,14,155.998892,70.661108,852.2580034,1080.139313,9.311545805,59.520304868604576,40.98112758519425,62,66,2,38,8,10,0.1724137931034483,0.1724137931034483
70,6.3,1255.577667,0.033470005,0.32708086,72,450.79,0.306974911,6.23826167,3.398157886,0.297420449,2.073682674,0.799742635,0.151367929,2.0262,0.5455,14,179.860478,79.759522,1007.453866,1314.08657,9.955201291,70.94805165039506,49.267278800508834,72,76,0,48,10,10,0.1470588235294117,0.1470588235294117
71,6.3,1357.068333,0.077824564,0.211976697,67,573.18,0.434711415,6.177626539,3.298564213,0.317012647,2.020179841,0.27347443,2.046733058,1.4641,0.633,19,164.501169,101.278831,887.0740704,1219.927855,11.19199867,64.09356000183912,41.87666027072713,67,70,2,42,4,2,0.1111111111111111,0.1111111111111111
72,6.28,979.2546667,0.033470005,0.315652078,54,506.57,0.320544957,6.464926801,3.603059623,0.550486339,2.052612892,0.227215073,0.0,1.5304,0.5682,14,130.754204,60.305796,741.8753913,999.8799301,11.36227193,49.70169016103269,37.04941701922164,38,42,2,28,6,4,0.1363636363636363,0.1363636363636363
73,6.27,1482.706333,0.033470005,0.047075698,79,536.27,0.409673947,6.343649191,3.512445707,0.110478227,2.033148131,0.253882232,1.282335752,1.1268,0.5591,17,174.060513,80.449487,1045.198888,1311.032542,10.32309088,70.85524087753681,47.75293016888763,43,45,6,40,8,0,0.1111111111111111,0.1111111111111111
74,6.26,1286.344667,0.033470005,0.048708381,68,460.38,0.357597341,6.361675374,3.51897644,0.412796726,1.981277874,0.525451864,1.295500621,1.8754,0.5424,18,169.53972,80.73628,976.2860157,1275.907802,10.81277798,63.762945555723846,44.64104711966649,52,54,4,36,8,4,0.1379310344827586,0.1379310344827586
75,6.23,1403.252333,0.033470005,0.032109436,74,489.22,0.3437628,6.516096724,3.686870692,0.411164043,1.854594515,0.098505217,1.866998227,1.6942,0.5077,16,177.500478,78.779522,1046.792567,1278.072616,9.831327815,68.2005047546886,47.51942394352087,52,54,4,36,14,8,0.15625,0.1515151515151515
76,6.2,887.8703333,0.033470005,0.251161093,48,524.56,0.421129668,6.204604451,3.347816822,0.631304156,2.175409936,0.482729988,1.897600003,1.5942,0.6203,12,117.357032,67.222968,,927.894649,11.74550189,45.90663616081078,32.81587781259538,48,50,0,32,4,2,0.1,0.1
77,6.2,1056.489667,0.033470005,0.340142325,62,447.38,0.320395839,6.246250117,3.393531951,0.470212751,2.10681238,0.824504996,0.636292708,2.0176,0.5254,12,158.033306,70.826694,889.1266885,1150.111128,9.746704476,62.54365050519619,44.7164698938607,62,66,0,40,10,10,0.1666666666666666,0.1666666666666666
78,6.17,1221.717667,0.033470005,0.102314811,49,464.68,0.294967343,6.353294811,3.533670589,0.48218576,2.05081135,0.560826666,0.327714159,1.8263,0.542,11,176.006857,73.243143,1011.0088,1207.159046,9.214954548,67.82430016063459,44.79827208928657,57,59,2,40,16,4,0.1304347826086956,0.1304347826086956
79,6.15,997.5493333,0.033470005,0.052517975,52,464.01,0.554218925,6.475196922,3.589726044,0.455790716,2.095219857,0.470756978,1.916469958,1.8635,0.4348,12,128.505376,61.610624,768.6754928,1027.901676,11.17284431,47.50677164918726,34.55713881462936,40,40,2,30,6,4,0.1363636363636363,0.1304347826086956
80,6.11,995.1113333,0.033470005,0.087620663,54,474.42,0.52150077,6.664676062,3.804151766,0.517016334,2.08447681,0.248984182,1.657100981,1.8141,0.4773,16,123.554204,55.205796,746.6134179,928.0039421,10.54549934,47.56379079059009,35.10485500911242,40,40,4,24,6,4,0.15,0.1363636363636363
81,6.11,767.2913333,0.033470005,0.018231629,52,391.83,0.440786902,6.950935761,4.012046755,0.429939899,2.240904542,0.572527562,4.3450353,2.3863,0.4651,12,115.294204,47.101796,703.0763725,824.1156581,9.582740211,46.240785325476345,29.17253697636916,36,38,0,30,8,0,0.0952380952380952,0.0869565217391304
82,6.1,1013.152667,0.077824564,0.058776594,51,462.91,0.572544433,6.433021995,3.496118876,0.460688765,2.087096832,0.581235205,2.440741732,1.8592,0.5054,13,131.854962,63.865038,772.5157436,973.9548093,10.47263236,47.96090987503493,35.03725656271035,35,35,2,26,6,6,0.1818181818181818,0.1818181818181818
83,6.1,1342.741667,0.077824564,0.190751816,67,563.21,0.379808907,6.248483899,3.365504223,0.268304266,2.049009786,0.271569633,1.062700094,1.5079,0.633,19,164.391376,101.388624,893.1416293,1237.918434,11.35704985,64.8291763537271,42.83494099825067,67,70,2,42,4,2,0.1111111111111111,0.1111111111111111
84,6.07,474.2103333,0.033470005,1.596764132,26,390.98,0.340473216,6.680082604,3.707007118,0.623412854,2.334597145,0.714026769,13.90116544,2.358,0.5156,5,81.753032,31.096968,495.044076,532.1721678,8.315190121,31.60567403697676,21.24325779677359,30,30,0,28,4,0,0.0303030303030303,0.0285714285714285
85,6.05,1178.692333,0.033470005,0.272385974,52,468.23,0.311806837,6.03216236,3.199786882,0.119185871,2.041747409,0.820967516,0.418566411,1.9084,0.5571,16,182.121236,81.850764,1024.940066,1256.23743,8.973124501,71.37310853203304,44.62431854919569,76,80,0,56,10,2,0.0833333333333333,0.0833333333333333
86,6.04,1103.149667,0.033470005,0.21496995,64,430.99,0.407425198,6.523496588,3.661291989,0.476743483,2.793382682,0.687631725,0.266580982,1.6432,0.5818,18,153.318134,67.281866,842.0856327,1118.042653,10.16402412,59.463285727201736,39.52194930319273,64,66,4,34,8,8,0.1481481481481481,0.1481481481481481
87,6.02,967.6436667,0.033470005,0.329529885,44,484.62,0.41960311,6.466697446,3.641971905,0.876478744,2.14012553,0.410619815,2.667394363,1.7302,0.4775,8,142.676892,57.453108,834.1911528,944.2122439,8.506416612,55.58571983527558,38.87026372297285,44,44,0,32,16,8,0.1864406779661017,0.1864406779661017
88,6.0,765.836,0.033470005,0.150206851,42,470.36,0.433653165,6.752439312,3.851499577,0.760830353,2.235986277,0.250344751,1.517845667,1.8444,0.4493,10,102.119446,54.550554,611.8646518,729.9937992,10.57962028,37.445215874209154,27.88736954240513,30,30,0,24,4,2,0.125,0.1111111111111111
89,6.0,1091.489667,0.033470005,0.491709745,62,492.64,0.388143754,6.178296211,3.32931308,0.394565097,2.068012275,0.631032042,0.0001,1.6852,0.5686,14,149.254962,65.365038,813.9829686,1097.920732,10.76392875,56.55397837341579,40.55012433459602,58,62,0,42,6,6,0.1111111111111111,0.1111111111111111
90,5.98,1027.104333,0.033470005,0.182316286,55,540.13,0.381868536,5.888635905,3.03189263,0.706407581,2.052963566,0.621508057,1.953769091,1.5977,0.6471,15,123.516618,56.203382,663.6055295,925.9705338,10.89377099,49.712018029252285,33.09456373444927,49,53,0,34,4,2,0.1363636363636363,0.0909090909090909
91,5.94,703.7756667,0.033470005,0.239460197,41,394.56,0.789014818,6.996809804,4.114905794,0.873485491,2.020013857,-0.358373954,12.72340932,1.1641,0.5641,9,102.853032,33.946968,648.8334633,708.1844638,9.079287997,41.94112549695424,30.49001325044733,39,40,2,27,8,0,0.0512820512820512,0.0
92,5.93,1156.4,0.077824564,0.218779544,72,507.72,0.282262346,6.286602425,3.365232109,0.212793039,2.131622819,0.54205081,0.0,1.1585,0.5862,14,162.146134,73.033866,928.8495736,1198.010016,10.32767255,64.77275797289813,47.3975519447056,52,54,6,40,8,2,0.1,0.1
93,5.89,1396.431333,0.033470005,0.087348549,60,513.1,0.325777434,6.030895942,3.247951035,0.516199993,1.938274293,0.519737473,0.175848628,1.6779,0.6056,14,196.780064,79.539936,1081.23401,1398.105414,9.845812774,78.6076386877965,51.56349304299329,84,88,0,52,18,6,0.1025641025641025,0.1025641025641025
94,5.88,1104.556,0.033470005,0.106940747,66,505.72,0.404801204,6.253819508,3.392987723,0.07891302,2.205325579,0.598106265,0.0,1.1534,0.5636,10,147.206134,63.193866,846.1144232,1046.121732,9.510197561,59.944330848151935,39.48230189753882,46,49,4,36,12,2,0.1034482758620689,0.1034482758620689
95,5.87,1243.976,0.033470005,0.166533682,74,523.9,0.358752464,6.354590345,3.503738064,0.20653442,2.116591626,0.338509642,0.000141421,1.1357,0.5469,12,171.04172,76.79828,1026.739872,1322.071943,10.32868706,72.67411840671376,49.80804696462134,54,56,4,42,12,4,0.1212121212121212,0.1212121212121212
96,5.84,1032.778667,0.077824564,0.078096678,52,469.55,0.454402663,6.409999258,3.483329524,0.530894141,2.114888075,0.587765938,1.150760709,1.8765,0.4141,14,138.302548,77.583452,817.8160742,988.0210022,9.980010123,50.44893667645218,35.848379301729054,40,40,2,30,6,4,0.1739130434782608,0.1666666666666666
97,5.8,1342.928,0.077824564,0.168710593,67,566.71,0.46833843,6.169482443,3.288768114,0.303406954,2.042203967,0.327625088,1.969211401,1.4873,0.633,19,164.610962,101.169038,881.0065114,1201.937277,11.0269475,63.31750353543128,40.919803800147854,67,70,2,42,4,2,0.1111111111111111,0.1111111111111111
98,5.8,1839.752,0.077824564,0.223677593,86,596.73,0.423705498,6.179182758,3.325503486,0.163268316,1.956248924,0.1551049,2.323274088,1.4383,0.6403,26,211.955306,136.574694,1131.699299,1557.905313,11.20795189,82.28048384286764,50.37317156232305,86,90,4,52,4,2,0.1176470588235294,0.1176470588235294
99,5.79,997.1176667,0.077824564,0.210616128,62,507.57,0.289864391,6.30253578,3.361694629,0.212793039,2.179669296,0.557289186,0.0,1.1585,0.5686,12,140.318962,64.101038,810.5223966,1034.034574,10.13759386,56.368356827699344,42.06257453406533,42,44,6,32,8,2,0.1153846153846153,0.1153846153846153
100,5.76,1003.374333,0.033470005,0.226942959,60,500.48,0.355137159,6.26707499,3.411491465,0.531982597,2.081850171,0.450620553,0.033405089,1.7128,0.6383,14,136.684204,59.475796,746.3226852,1041.948913,11.08456291,54.92098521156034,39.46360911968376,60,64,0,38,8,4,0.08,0.08
101,5.7,1350.004333,0.077824564,0.27565134,67,586.27,0.440646219,6.228764896,3.349993733,0.283270529,2.031011667,0.186670108,1.180980427,1.4327,0.6389,20,163.374169,101.305831,874.7072868,1202.932526,11.13826413,63.31750353543128,40.919803800147854,67,70,3,41,3,2,0.1132075471698113,0.1132075471698113
102,5.69,1180.459,0.033470005,0.265311014,54,501.69,0.356217179,6.369881239,3.536935955,0.472389661,2.059854553,0.345312489,0.222891296,1.6686,0.3623,12,183.32158,117.53842,1034.387067,1210.209025,8.769630619,62.79717390896548,47.241411269611405,50,54,0,30,8,14,0.3448275862068966,0.3225806451612903
103,5.67,840.5916667,0.033470005,0.270481177,56,446.61,0.393069831,6.617427027,3.735579073,0.656882859,2.165332321,0.47864828,1.369000033,1.9436,0.5778,10,124.11179,48.32821,719.6382527,886.0468354,9.844964838,49.48291056155033,35.61277069071839,44,46,0,34,12,4,0.08,0.08
104,5.67,840.7543333,0.033470005,0.127349287,56,476.75,0.266885736,6.439244151,3.53094945,0.096056193,2.325976537,0.635657977,0.0,1.2003,0.5778,8,119.37179,50.24821,693.1952757,854.1149894,9.490166549,49.90693654109772,34.05201878445294,36,39,6,26,12,0,0.0833333333333333,0.0833333333333333
105,5.67,1332.222333,0.033470005,0.165445227,80,536.2,0.281883836,6.237640162,3.395708861,0.171159618,2.09056348,0.385313226,0.0,1.1115,0.5938,14,173.977306,75.598694,990.7211067,1266.087003,9.891304711,71.7629455557239,49.19910583525678,60,64,4,48,10,2,0.088235294117647,0.088235294117647
106,5.66,1153.956,0.033470005,0.051157406,64,509.74,0.296542066,6.127741809,3.266999006,0.418511117,2.047983139,0.536880646,0.086100058,1.7081,0.6,14,150.962962,66.273038,847.402254,1150.038357,10.45489416,63.63374239083635,42.69233450799732,64,66,0,40,10,6,0.1379310344827586,0.1379310344827586
107,5.65,1538.136667,0.077824564,0.453613805,80,638.27,0.179401947,5.932724337,3.081961581,0.447355186,1.864049086,0.189935474,0.088077069,1.068,0.6122,6,127.994962,47.605038,739.3459009,858.2123183,8.757268554,52.540445153998455,33.21786100594215,48,52,2,40,8,0,0.0384615384615384,0.0357142857142857
108,5.62,1116.791333,0.033470005,0.042721876,56,465.17,0.458905059,6.425498319,3.547548395,0.342047122,2.104228609,0.555656503,1.518400003,1.8423,0.5532,14,136.761376,64.318624,797.0873617,1027.91123,10.93522585,50.61099751481864,35.868431409566206,40,40,2,32,4,4,0.1304347826086956,0.1304347826086956
109,5.62,957.1516667,0.033470005,0.45606283,60,520.3,0.269238161,6.432003201,3.541561891,0.102314811,2.093823618,0.231841009,0.3423,1.1773,0.54,10,129.182962,59.417038,786.5247623,942.1422668,9.421422668,54.34449574006242,39.383793047962826,32,32,8,26,10,0,0.12,0.12
110,5.61,1601.989333,0.033470005,0.191840271,74,537.49,0.457282444,6.060617035,3.237338595,0.130614653,2.052760776,0.530894141,0.0,1.1229,0.5783,14,219.97558,93.60442,1268.176371,1520.244172,9.158097424,87.15753428374852,56.02315878478874,78,80,4,68,10,2,0.0681818181818181,0.0681818181818181
111,5.6,1234.671333,0.033470005,0.149934737,72,435.09,0.368901767,6.241827178,3.397069431,0.387762251,2.115645821,0.933350541,0.064532627,2.1081,0.5455,14,179.860478,79.759522,1007.453866,1314.08657,9.955201291,70.94805165039506,49.08418009477217,72,76,0,48,10,10,0.1470588235294117,0.1470588235294117
112,5.56,1310.07,0.033470005,0.089797574,56,503.35,0.331475771,6.06013757,3.273529738,0.577969839,1.947328928,0.536608532,0.154334993,1.7145,0.6119,14,187.432892,75.527108,1017.322987,1346.074114,10.04532921,75.77921156305027,49.33897983754175,80,86,0,48,18,6,0.1081081081081081,0.1081081081081081
113,5.5,1331.163,0.077824564,0.097688876,58,459.49,0.413820962,6.489862227,3.598433687,0.437831201,2.053938901,0.528445117,0.022765105,1.8656,0.2658,14,204.577096,129.138904,1209.754299,1316.27963,8.330883733,67.33947442460692,50.22248101906826,42,44,2,28,10,16,0.375,0.3428571428571428
114,5.5,1000.010667,0.077824564,0.206806534,64,510.81,0.30201237,6.280428978,3.34482357,0.253882232,2.157519894,0.541506582,0.0,1.152,0.5455,12,141.054548,65.437452,847.6933474,1058.138405,9.619440041,60.53011728577885,43.971653899995424,44,46,6,34,10,0,0.1071428571428571,0.1071428571428571
115,5.5,976.789,0.033470005,0.254698573,62,508.42,0.290123172,6.405108011,3.51897644,0.118913757,2.172131802,0.383680543,0.294030764,1.1529,0.5385,10,133.856548,61.423452,818.4802738,968.1579169,9.309210739,55.75870930243552,39.80186735268568,32,32,8,28,10,0,0.1153846153846153,0.1153846153846153
116,5.5,1335.416333,0.077824564,0.189935474,67,563.93,0.474214184,6.241863097,3.356796579,0.276467682,2.051567876,0.278100365,1.472845905,1.4704,0.633,19,162.512962,98.165038,871.2877139,1185.960121,10.88036808,63.31750353543128,40.919803800147854,67,70,2,42,4,2,0.1111111111111111,0.1111111111111111
117,5.48,1140.352333,0.033470005,0.067756351,60,464.51,0.475191073,6.553741772,3.696938905,0.291433944,2.280385802,0.528989344,0.945761143,1.8614,0.5294,16,146.378962,68.061038,866.2223797,1109.91671,10.88153637,55.63434315141024,40.509046910569886,40,40,2,30,8,6,0.16,0.16
118,5.47,556.7613333,0.033470005,1.356215479,32,493.64,0.608665371,6.133825187,3.18128314,1.097435198,2.485794169,0.944779323,0.0,1.1773,0.3846,10,92.533376,52.594624,571.3041634,660.160008,8.463589846,35.73164286360088,28.588489054687948,22,22,2,20,4,0,0.2352941176470588,0.2352941176470588
119,5.45,685.798,0.033470005,0.41660632,42,516.21,0.400601671,6.424120879,3.490404485,0.304767523,2.265536383,0.375789241,0.0557,1.123,0.5588,8,90.657446,42.222554,559.896072,678.0523892,9.971358664,37.46209528137907,29.80000956581393,20,20,6,18,4,0,0.125,0.1176470588235294
120,5.44,1019.018667,0.077824564,0.056327569,54,445.06,0.504405761,6.532101101,3.587004905,0.384496884,2.125467139,0.625045537,0.0002,1.9302,0.42,14,136.112548,62.143452,803.3627407,984.0440756,9.840440756,51.139764811042696,35.433169299384026,42,44,2,28,10,6,0.1666666666666666,0.16
121,5.44,821.954,0.033470005,0.187758564,54,488.79,0.260504394,6.384148441,3.46890749,0.148302054,2.273531803,0.572799676,0.0,1.1867,0.5682,8,116.03179,50.24821,684.4962231,830.1149894,9.43312488,47.90693654109772,33.37965575064053,34,36,6,26,10,0,0.0869565217391304,0.0869565217391304
122,5.42,1167.351667,0.077824564,0.054422772,64,454.66,0.475877072,6.438352706,3.53448693,0.468580067,1.999194339,0.536608532,0.00130767,1.901,0.4333,16,163.946892,75.089108,956.2818882,1176.050818,9.800423482,61.01539866001743,43.90135741081383,52,54,2,34,12,8,0.1724137931034483,0.1666666666666666
123,5.4,1858.349667,0.033470005,0.07047749,90,552.69,0.481056215,6.035471809,3.218018511,0.301502157,1.985139313,0.451981122,0.005209607,1.112,0.5542,18,226.192408,99.867592,1279.523198,1664.10494,10.02472855,92.76443393472869,58.28387521297204,80,82,2,50,18,10,0.1860465116279069,0.1860465116279069
124,5.37,506.635,0.033470005,1.194307732,34,505.77,0.485494937,6.609087826,3.633536375,1.152130084,2.458984673,0.370891192,0.002,1.1097,0.4667,10,74.51186,38.82014,467.528252,576.0661076,9.601101793,31.86954223404349,25.748920997739766,20,20,4,18,2,0,0.1428571428571428,0.1428571428571428
125,5.37,941.4326667,0.033470005,0.232657351,52,498.95,0.476869744,6.181253544,3.291217139,0.246263044,2.182543868,0.634025294,0.862800012,1.705,0.5909,16,123.554204,59.221796,643.5134179,928.0039421,10.54549934,50.29780446687918,34.07566217749127,52,60,0,32,6,2,0.1363636363636363,0.1363636363636363
126,5.3,1171.472333,0.033470005,0.074287084,66,450.24,0.373346747,6.454997638,3.609590356,0.430756241,2.072260532,0.564092032,1.167771078,1.9341,0.4426,16,162.871306,73.860694,978.2984636,1204.077662,9.869489029,63.62504618528125,44.373878597663385,54,56,2,38,12,4,0.1333333333333333,0.1290322580645161
127,5.3,1094.884333,0.033470005,1.394583534,74,497.55,0.537834949,6.08553695,3.20876664,0.368986394,2.298780426,0.850355813,0.0002,1.1575,0.5455,10,166.44365,70.49635,880.6650649,1098.349815,8.320831931,69.1159037234058,45.83655819371224,64,76,2,44,16,0,0.1142857142857142,0.1142857142857142
128,5.29,993.53,0.033470005,0.205445965,62,505.64,0.344682001,6.307081714,3.424280817,0.210344014,2.184673233,0.506403894,0.021554118,1.1623,0.5686,12,140.318962,64.101038,810.5223966,1034.034574,10.13759386,56.368356827699344,42.06257453406533,42,44,6,32,8,2,0.1153846153846153,0.1153846153846153
129,5.28,560.2313333,0.033470005,0.720285388,35,407.11,0.266340148,7.076957948,4.134497992,0.952126397,2.187424154,-0.387218023,18.90990664,1.9051,0.5588,9,90.16586,29.93414,576.2233877,632.1531636,9.296370054,37.03181814316831,28.03993081903027,33,34,2,23,8,0,0.0,0.0
130,5.25,1195.739333,0.033470005,0.10857343,68,443.2,0.361878236,6.388141168,3.538568638,0.383952657,2.126439481,0.744231408,0.826964074,1.9811,0.5517,16,163.73972,76.54028,939.2679667,1211.96366,10.44796258,62.56751159283312,43.81189459622676,52,54,2,38,8,6,0.1379310344827586,0.1379310344827586
131,5.24,935.5983333,0.033470005,1.180974153,36,518.55,0.540064378,6.16209047,3.278972015,0.384496885,2.234378331,0.60409277,0.118,1.1173,0.5882,6,130.662134,51.617866,785.8588188,862.2436185,8.453368808,51.368872278744654,33.434642361452624,46,46,2,44,4,0,0.0384615384615384,0.0357142857142857
132,5.23,1284.844667,0.033470005,0.254698573,78,529.55,0.410543351,6.112665885,3.258291362,0.232929464,2.152178212,0.58858228,0.102945714,1.1393,0.5606,10,171.724478,69.771522,980.5960318,1190.230019,9.016894085,71.46328572720176,44.54643142991891,58,64,4,42,20,0,0.0833333333333333,0.0833333333333333
133,5.22,1451.788667,0.033470005,0.083266841,74,445.56,0.457431834,6.432611375,3.58455588,0.216058405,2.661985318,0.69008075,0.002773085,1.6446,0.5362,22,188.76365,87.71235,1047.177205,1370.070525,9.928047281,72.16734670092272,45.46567082734161,74,76,4,40,10,10,0.1818181818181818,0.1818181818181818
134,5.21,710.8843333,0.033470005,0.473206003,42,529.45,0.459096355,6.317607895,3.398157886,0.341230781,2.212369127,0.385857454,0.0,1.0963,0.5429,8,91.991032,44.228968,562.532531,680.0680392,9.715257704,37.46209528137906,29.800009565813927,20,20,6,20,4,0,0.1176470588235294,0.1176470588235294
135,5.21,1858.300333,0.033470005,0.07047749,90,552.67,0.481194721,6.035571675,3.218018511,0.301230043,1.985178091,0.451981122,0.0053,1.112,0.5542,18,226.192408,99.867592,1279.523198,1664.10494,10.02472855,92.76443393472869,58.28387521297204,80,82,2,50,18,10,0.1860465116279069,0.1860465116279069
136,5.19,1065.813,0.033470005,0.099049445,64,475.07,0.402689056,6.18118225,3.295026733,0.422320711,2.106981649,0.69361823,2.312175065,1.894,0.6275,14,142.431376,61.988624,771.9527215,1058.042219,10.37296294,58.33519877393344,38.12876000769939,64,69,0,42,8,2,0.074074074074074,0.074074074074074
137,5.16,1173.377333,0.033470005,0.069116921,66,453.21,0.355042736,6.36552388,3.521969693,0.478920394,2.024447618,0.584228458,1.329934871,1.9242,0.4426,16,163.090892,73.641108,966.1633457,1168.096505,9.574561517,62.07293325246556,42.791539334282994,54,56,2,38,12,4,0.1333333333333333,0.1290322580645161
138,5.11,982.2456667,0.033470005,0.115376277,56,454.75,0.473107769,6.569368726,3.683877439,0.516744221,2.154913389,0.496335681,0.99130001,1.8579,0.5306,12,131.722962,55.813038,771.810677,946.0679648,9.653754743,52.23045745725675,36.21262148376439,44,46,0,34,12,4,0.1153846153846153,0.1153846153846153
139,5.1,732.9636667,0.033470005,0.145308801,44,467.91,0.44259918,6.457525304,3.537480183,0.44055234,2.349429304,0.648991557,0.730117593,1.8163,0.5789,12,103.981032,49.094968,591.159808,798.0191584,10.50025208,42.21692423783944,31.52463244217538,44,46,0,28,6,2,0.1052631578947368,0.1052631578947368
140,5.09,1475.030333,0.033470005,0.026122931,62,465.49,0.356130375,6.271668544,3.471356515,0.442185023,1.884331595,0.49769625,1.328557823,1.875,0.5753,14,203.537236,84.382764,1170.016792,1432.067731,9.808683088,77.65484541202501,50.66108815914125,70,70,2,52,14,4,0.1025641025641025,0.1025641025641025
141,5.09,1476.572,0.033470005,0.727360348,70,476.07,0.416825643,6.226854385,3.403055936,0.124900262,1.997411228,0.612800413,1.460143154,1.9008,0.6154,16,209.510615,86.229385,1171.549061,1450.22994,9.296345769,82.89366608668178,48.709460596431214,94,97,8,62,10,4,0.0476190476190476,0.0476190476190476
142,5.07,1354.158,0.077824564,0.207894989,62,445.36,0.413145576,6.39972832,3.506731316,0.411436157,2.131179454,0.806273368,0.377220188,1.9911,0.3375,14,210.377096,134.602904,1227.332348,1380.223772,8.626398574,70.44370029023833,51.56139960733879,42,44,2,30,8,16,0.3636363636363636,0.3428571428571428
143,5.07,1481.137,0.077824564,0.389939162,82,528.26,0.310329531,6.260995423,3.370674386,0.111294569,2.06713226,0.414701523,0.040105486,1.1118,0.6154,6,175.002892,59.137108,1051.45876,1168.228563,8.986373559,69.64890727291822,42.15358084018828,60,64,4,38,20,2,0.0606060606060606,0.0512820512820512
144,5.05,1059.183,0.033470005,0.048436267,57,451.95,0.491130687,6.520916133,3.654217029,0.446538845,2.05556806,0.460144538,2.759090374,1.9009,0.4245,15,145.356134,66.609866,847.866803,1054.031797,9.943696195,54.622928058637086,38.84155982080925,45,48,2,29,11,7,0.1764705882352941,0.1698113207547169
145,5.05,1126.351333,0.033470005,0.153200103,58,474.71,0.363153906,6.448565955,3.609318242,0.490349176,2.087155197,0.449804211,0.131288728,1.7752,0.5385,14,157.168548,99.211452,886.6831569,1135.896383,10.92208061,56.94321463653279,39.317947267441326,42,44,2,34,4,2,0.16,0.16
146,5.05,449.7743333,0.033470005,2.006023377,26,430.36,0.220925433,7.238687732,4.24007817,0.219051658,2.510813275,0.12054644,13.17775152,1.5154,0.5619,15,153.213755,76.036245,885.9584592,1149.903382,10.95146078,57.57527504978629,39.60394792791181,46,46,2,38,4,4,0.1153846153846153,0.1153846153846153
147,5.03,1090.236333,0.033470005,0.191296044,56,492.53,0.503856636,6.502055921,3.641971905,0.512118285,2.138032352,0.348849969,1.842530282,1.7328,0.5208,16,138.255583,67.032417,820.7353746,1077.891638,11.22803789,52.74889688526123,38.53298158722367,38,39,3,29,5,4,0.1521739130434782,0.1521739130434782
148,5.03,1441.507667,0.033470005,0.159730836,82,539.54,0.393961276,6.175362007,3.341830317,0.156193356,2.07347297,0.424769736,0.0,1.1163,0.6,16,183.973306,81.966694,1047.176751,1361.985458,10.47681121,73.17715911809701,51.304854377058746,62,64,6,48,8,2,0.088235294117647,0.088235294117647
149,5.03,1229.689333,0.077824564,0.042449762,64,497.31,0.422495952,6.403295189,3.499112128,0.440824454,1.965664919,0.30667232,1.507121196,1.7991,0.4902,17,144.584583,62.385417,839.1113984,1085.002562,10.63728002,57.87538116293064,39.751084145109786,47,51,2,32,8,4,0.1428571428571428,0.1320754716981132
150,4.99,1280.443,0.033470005,0.021496995,64,451.96,0.505983205,6.361858506,3.502377495,0.309937687,1.988727916,0.587493824,0.0001,1.919,0.4063,18,171.558064,82.573936,1008.454313,1236.071947,9.656812088,63.762945555723846,44.33731773192898,52,54,2,34,12,8,0.2,0.1935483870967742
151,4.97,1121.709333,0.033470005,0.228303529,60,507.59,0.358295313,6.242966791,3.398974228,0.425586077,2.025724551,0.399191033,0.017200291,1.6994,0.6122,18,148.284204,69.315796,820.3587831,1169.837197,11.93711426,57.31185313734181,40.92243387515958,60,64,4,34,8,0,0.08,0.08
152,4.97,1084.119667,0.033470005,0.177418237,55,538.66,0.34286047,5.787052264,2.941550829,0.737700675,2.023089932,0.720285388,1.476451168,1.6393,0.5446,19,138.738962,71.173038,767.9503782,1046.012793,10.3565623,55.12623159162537,39.329154804712005,49,53,0,34,4,2,0.2083333333333333,0.1666666666666666
153,4.96,514.9173333,0.033470005,1.449550533,38,488.86,0.517222052,6.125488435,3.159241917,1.108591867,2.501943763,0.976072417,0.0,1.1622,0.5806,4,79.913446,33.286554,454.1785166,558.1184179,9.001909967,33.064976196934225,25.102760150599035,28,30,4,20,6,0,0.0625,0.0625
154,4.93,1043.298667,0.077824564,0.062586188,59,466.75,0.57634668,6.347988047,3.41394049,0.502866414,2.078496402,0.641100255,2.742965301,1.8755,0.5446,11,137.692548,56.807452,804.6947591,972.0658566,9.624414422,53.23722406696541,37.28647806849497,47,47,0,36,12,6,0.1111111111111111,0.1111111111111111
155,4.92,1044.918667,0.077824564,0.197282549,64,503.78,0.350575443,6.298797752,3.363327312,0.205718078,2.179720248,0.582051547,0.024209502,1.1635,0.5455,12,149.666134,68.113866,874.4334196,1086.065874,9.873326125,58.97800435296317,42.388008567678206,44,46,6,34,10,0,0.1071428571428571,0.1071428571428571
156,4.91,977.3456667,0.033470005,0.20299694,54,424.62,0.456743658,6.685989108,3.785648023,0.381231518,2.951238382,0.664229933,1.997527637,1.6432,0.551,18,133.094962,61.821038,741.3389095,986.0570403,10.06180653,52.25431854489368,34.21011603070813,54,56,4,28,6,6,0.1739130434782608,0.1739130434782608
157,4.88,635.577,0.033470005,1.383698979,32,483.86,0.502688179,6.338699984,3.385368535,1.336079054,2.485639728,0.793211903,0.034601301,1.1825,0.2941,4,117.757236,62.242764,691.5226539,704.3470209,6.90536295,40.46329591936647,31.7229103441328,22,22,2,16,8,12,0.4090909090909091,0.4090909090909091
158,4.86,1353.801333,0.077824564,0.738244903,61,493.08,0.461090677,6.321513001,3.412035693,0.240548652,2.228011919,0.596201468,2.545850907,1.6823,0.5646,11,191.930615,75.429385,1120.506821,1278.307579,8.695969925,73.90347850385601,44.66779673562397,77,78,0,60,14,4,0.0512820512820512,0.05
159,4.84,1110.934,0.077824564,0.610623502,51,452.58,0.410034498,6.420431287,3.511629366,0.14449246,2.27018528,0.776340843,0.770200299,1.8856,0.5659,11,165.810064,65.845936,979.1005681,1100.300088,8.529458045,64.32590180780443,39.90199909092716,67,68,0,56,10,0,0.0294117647058823,0.0285714285714285
160,4.83,2206.953,0.033470005,0.017143173,110,536.47,0.492741057,6.072784062,3.25883559,0.17905092,1.960635893,0.494430884,0.087606849,1.12,0.5773,22,269.846752,117.733248,1516.177552,1992.055824,10.26832899,109.5732362251264,66.20513446221106,100,102,2,66,18,10,0.1568627450980392,0.1568627450980392
161,4.8,357.462,0.033470005,1.91595369,26,389.92,0.230374587,7.51408002,4.342937209,0.080545703,2.854183967,0.257691826,2.668821832,1.5169,0.56,14,133.649376,62.330624,778.4863523,1004.070759,10.04070759,56.42537596910217,40.05391887746923,40,44,8,28,8,0,0.12,0.12
162,4.78,1503.830667,0.077824564,0.474566572,80,619.61,0.171335404,5.93045137,3.075430848,0.424497622,1.907689472,0.290073375,0.000141421,1.1185,0.4757,13,142.294169,52.995831,878.2384351,1007.11217,9.777788059,54.87589661397597,37.24586856385348,48,48,0,39,9,3,0.0588235294117647,0.0526315789473684
163,4.75,1355.186,0.033470005,0.03809594,58,461.41,0.360320112,6.279727196,3.476254564,0.492798201,1.933579741,0.541778696,1.097882885,1.916,0.5,14,193.541236,78.194764,1133.001148,1336.169276,9.278953307,74.55061954639362,49.36192708278377,70,70,2,50,16,4,0.1052631578947368,0.1025641025641025
164,4.73,1191.704,0.033470005,0.268304266,62,538.32,0.503153766,6.325451849,3.469995945,0.523547067,2.14681877,0.328169315,0.1718,1.1149,0.4364,16,147.930134,69.305866,902.7548209,1094.055703,9.945960936,57.43942463956482,41.63342556516061,40,40,4,32,8,4,0.1538461538461538,0.1481481481481481
165,4.72,816.6253333,0.033470005,0.788585967,40,445.14,0.402621844,6.539614981,3.587549133,0.61606578,1.772267285,0.171703846,31.16195222,2.1156,0.5385,8,133.801341,46.988659,831.1852832,875.2831152,8.4161838,52.53579667093396,34.32268219620789,48,48,0,44,8,0,0.0188679245283018,0.0169491525423728
166,4.7,894.7536667,0.033470005,0.249800524,48,527.16,0.421969684,6.185030213,3.34482357,0.593208215,2.134584342,0.470484864,0.611928967,1.5771,0.6203,12,117.047032,65.982968,642.4488416,881.9503977,11.16392909,45.90663616081078,32.81587781259538,48,50,0,32,4,2,0.1,0.1
167,4.7,1445.205667,0.077824564,0.075375539,62,454.94,0.421188989,6.447060077,3.560065633,0.393204528,2.072007487,0.636746433,0.022712992,1.9711,0.3375,14,214.573096,135.326904,1246.769943,1412.178085,8.826113029,70.44370029023833,51.56139960733879,42,44,2,30,8,16,0.3636363636363636,0.3428571428571428
168,4.68,1210.772333,0.033470005,0.042721876,68,439.05,0.340211442,6.547089676,3.692857197,0.307216548,2.121652941,0.593752443,2.270762854,1.9514,0.4667,16,165.953306,73.082694,962.3444818,1198.035168,9.983626399,62.958379518614585,43.83784731311532,56,59,2,38,12,6,0.1333333333333333,0.1290322580645161
169,4.67,544.0436667,0.033470005,1.450911103,28,398.22,0.420065975,6.56762747,3.606052875,0.500145275,2.400968597,0.905867041,4.870111063,2.3354,0.5571,6,90.925411,39.234589,540.0680355,613.1316255,8.759023221,34.64095021738684,23.0925919963206,30,30,1,29,3,0,0.0555555555555555,0.0555555555555555
170,4.66,566.5823333,0.033470005,1.84057815,34,490.11,0.288445045,6.520950147,3.602243281,0.715387339,2.290212801,0.394837211,0.61980292,1.2935,0.5303,6,79.414825,31.349175,466.9433887,544.1798355,8.245149023,33.829102119523604,24.761301776166608,25,27,1,19,6,0,0.2352941176470588,0.1764705882352941
171,4.65,950.4173333,0.033470005,0.237827514,56,541.49,0.334194188,5.974121018,3.111349878,0.580690978,2.023540876,0.518649018,0.006051446,1.2979,0.4286,8,84.922204,45.109796,519.131739,600.1388786,8.573412552,33.064976196934225,25.891173521104022,22,22,2,20,4,0,0.1875,0.1875
172,4.65,566.7406667,0.033470005,1.830509938,34,489.52,0.275245618,6.510003823,3.59299141,0.720013274,2.299937256,0.420415914,0.493495238,1.312,0.5303,6,79.414825,31.349175,466.9433887,544.1798355,8.245149023,33.829102119523604,24.864538285472307,25,27,1,19,6,0,0.2352941176470588,0.1764705882352941
173,4.64,1210.506333,0.033470005,0.180411489,74,521.77,0.370589689,6.261588086,3.407681871,0.189663361,2.127233498,0.449259983,0.0,1.1419,0.5738,12,165.47372,72.34628,967.8776656,1222.07833,10.01703549,67.81996469712671,47.04809323377158,54,56,4,44,10,2,0.09375,0.09375
174,4.62,950.303,0.077824564,0.308577118,62,435.23,0.343358711,6.499351925,3.57040596,0.554295933,2.215311995,0.812259873,0.0002,2.0476,0.617,14,136.578204,59.581796,769.1549539,1039.925617,11.06303848,54.89712412392341,40.51982639601229,52,54,6,32,8,2,0.08,0.08
175,4.61,697.0783333,0.033470005,0.701781646,43,513.89,0.232780618,6.987415617,3.995447809,0.103131153,2.094666631,-0.337693301,4.671306905,1.6524,0.5679,8,107.429825,33.810175,663.8317404,731.1892148,9.027027343,43.94112549695424,31.609454432114788,41,44,0,30,12,0,0.0,0.0
176,4.6,1082.511,0.033470005,0.251705321,63,545.68,0.398018494,6.276722787,3.408498213,0.234834261,2.156145173,0.34612883,0.0181,1.1012,0.596,11,136.085376,59.634624,789.3769131,1000.046853,10.10148336,55.60423090510996,39.11041098026396,43,45,4,38,6,0,0.0769230769230769,0.0769230769230769
177,4.6,1014.739,0.033470005,0.647358873,68,501.86,0.482574611,6.32574029,3.440063421,0.262317761,2.289388294,0.585316913,0.131566181,1.1538,0.5536,10,142.47972,58.23628,864.630899,972.2552458,8.680850409,58.41607900297319,35.66994092334797,46,46,2,42,10,0,0.0689655172413793,0.0666666666666666
178,4.58,1024.085,0.033470005,0.168982707,48,474.26,0.372695578,6.532620294,3.665645811,0.427218761,2.13231213,0.401912172,0.330941279,1.7387,0.5,14,129.225376,62.870624,749.5107141,971.9569175,10.5647491,49.73424745422473,34.00186821518075,32,34,2,24,6,4,0.2272727272727272,0.2272727272727272
179,4.58,564.9516667,0.033470005,1.249002618,41,478.57,0.498340343,6.588910311,3.59788946,0.522730726,2.534943064,0.57660927,0.541150571,1.17,0.5909,5,86.160239,34.859761,504.4563201,593.123169,8.986714681,35.10541631145411,25.373987733515417,29,31,3,24,5,0,0.0588235294117647,0.0555555555555555
180,4.57,862.574,0.033470005,0.421232256,48,525.16,0.506714103,6.412410187,3.512445707,0.830219388,2.23307748,0.341230781,3.388195901,1.1181,0.5747,9,116.45979,49.56021,698.9954944,834.0921458,9.587266044,45.86184794351335,32.68754173031896,37,37,3,33,5,1,0.0681818181818181,0.0666666666666666
181,4.56,1026.000667,0.077824564,0.069389034,54,446.63,0.390609106,6.549614349,3.605780762,0.413613068,2.134968902,0.606269681,1.168800073,1.9434,0.4118,16,137.716548,65.615452,820.9431946,1016.033905,9.961116714,52.254318544893685,37.1387970490402,42,44,2,30,8,4,0.1666666666666666,0.16
182,4.56,1280.443,0.077824564,0.021496995,64,451.96,0.505983205,6.361858506,3.443056673,0.309937687,1.988727916,0.646814646,0.0001,1.919,0.4063,18,171.558064,82.573936,1008.454313,1236.071947,9.656812088,63.762945555723846,44.33731773192898,52,54,2,34,12,8,0.2,0.1935483870967742
183,4.56,1056.332,0.033470005,0.241364994,42,464.52,0.277662262,6.073433325,3.236522253,0.100954242,2.074618744,0.804096457,0.416768077,1.9305,0.5313,16,161.898064,76.389936,924.1933428,1124.251817,8.783217322,64.16414134972491,39.30549586500867,66,70,0,50,8,0,0.09375,0.09375
184,4.54,1047.920333,0.077824564,0.223405479,62,505.51,0.360888286,6.375352905,3.436253827,0.183404742,2.178114622,0.500961617,0.048615841,1.1592,0.5577,12,147.858962,72.501038,856.1442206,1193.867616,11.47949631,57.56379079059008,42.89545713153322,42,44,8,30,8,0,0.1153846153846153,0.1153846153846153
185,4.52,969.237,0.033470005,0.054150658,52,456.7,0.564111624,6.483024278,3.592447182,0.466947384,2.116857508,0.52517975,1.887305895,1.9146,0.4348,14,126.765376,58.130624,760.0717177,932.0127755,10.13057365,47.50677164918726,34.55713881462936,40,40,2,30,6,4,0.1363636363636363,0.1304347826086956
186,4.5,304.1456667,0.033470005,0.725455551,22,429.81,0.257703798,7.080406719,3.988917077,1.513769404,2.786760335,0.548037315,4.730063667,1.7367,0.4054,5,47.400309,19.219691,306.9628272,331.077933,8.948052244,18.42986490843461,16.289247293881356,11,11,1,9,5,0,0.1176470588235294,0.1052631578947368
187,4.46,895.381,0.077824564,0.076463995,47,449.49,0.595033827,6.555118396,3.603059623,0.537696988,2.15468717,0.581507319,2.01078798,1.9395,0.3846,13,121.858962,57.677038,735.5000996,878.0563546,9.648970929,44.85668400940355,33.66289627399816,35,35,2,24,8,6,0.1904761904761904,0.1818181818181818
188,4.45,855.3663333,0.077824564,0.100410014,50,467.92,0.421426273,6.403498186,3.440335535,0.464226246,2.222885609,0.664774161,0.633405952,1.787,0.6098,14,116.680618,53.795382,633.4408441,873.9821441,10.65831883,46.15990509643659,32.21412504618907,50,54,0,32,6,2,0.0952380952380952,0.0952380952380952
189,4.43,1166.115333,0.077824564,0.058232366,66,451.33,0.469660359,6.353264334,3.453124886,0.510757716,1.978130784,0.615249438,2.052337324,1.927,0.4426,16,163.090892,73.641108,966.1633457,1168.096505,9.574561517,62.07293325246556,42.84627742702831,54,56,2,38,12,4,0.1333333333333333,0.1290322580645161
190,4.4,547.618,0.033470005,1.245193024,38,509.61,0.462005796,6.459820312,3.505914975,0.946139892,2.413904182,0.473206003,0.0011,1.1141,0.6,6,77.98386,33.61214,449.7654493,560.0864491,9.334774152,33.064976196934225,24.85593344019421,28,30,2,24,4,0,0.0625,0.0625
191,4.4,766.418,0.033470005,0.188030677,50,484.47,0.380579261,6.420354551,3.497479445,0.142043435,2.313357854,0.588854394,0.047901879,1.1824,0.561,8,108.018204,48.241796,643.8416591,780.0993394,9.513406578,44.41184274968487,32.24883889638103,30,31,6,24,8,0,0.0952380952380952,0.0952380952380952
192,4.4,1108.003,0.033470005,1.272132296,74,509.33,0.480604234,6.05529993,3.186997531,0.321094355,2.227060897,0.762463036,0.061130516,1.1485,0.5455,10,166.44365,70.49635,880.6650649,1098.349815,8.320831931,69.1159037234058,45.01004629881436,64,76,2,44,16,0,0.1142857142857142,0.1142857142857142
193,4.4,944.0956667,0.077824564,0.128165628,56,500.58,0.349641276,6.249320105,3.2982921,0.210888242,2.212867135,0.666951071,0.220941553,1.1513,0.5417,12,128.109376,60.646624,750.4302375,952.0646107,9.917339695,52.65448343680414,38.419048251502126,36,39,6,28,8,0,0.125,0.125
194,4.4,959.8576667,0.033470005,0.117825302,54,497.75,0.403531793,6.320272706,3.44142399,0.396742008,2.196653899,0.518376904,2.385696186,1.6952,0.618,12,125.874204,54.555796,696.8460574,942.0047713,10.58432327,50.815943514596725,34.862845397658184,54,56,0,34,8,4,0.1063829787234042,0.1063829787234042
195,4.33,1494.616,0.033470005,0.03455846,64,495.29,0.430875154,6.324246657,3.522786034,0.551030567,1.82435121,0.24245345,1.769882024,1.7669,0.4483,18,195.120822,86.209178,1141.111695,1366.151535,9.421734724,74.02751528752871,50.657149690131845,62,62,4,36,14,10,0.217391304347826,0.2054794520547945
196,4.32,831.8763333,0.077824564,0.176601895,43,491.59,0.34450431,6.618514939,3.664557355,0.768177427,2.13936852,0.242453449,0.397246888,1.7147,0.4366,11,100.026239,41.823761,593.7485526,729.0277717,10.26799679,38.204993694020985,28.11728366955725,31,33,0,22,6,4,0.1515151515151515,0.1351351351351351
197,4.32,654.2453333,0.033470005,1.018794293,40,521.78,0.512546592,6.363804937,3.440335535,0.788858081,2.334040576,0.463954132,0.0,1.096,0.6129,8,87.760274,40.199726,518.3562112,691.9660603,11.16074291,36.11218292116276,27.92592933866631,30,30,4,24,2,0,0.0625,0.0625
198,4.25,1987.570333,0.077824564,0.030748866,114,520.95,0.221707489,6.243225299,3.403600163,0.028299842,2.019142323,0.49905682,0.0001,1.1407,0.5955,22,247.936408,107.823592,1436.395665,1844.024957,10.35969077,101.38984710264828,67.28993224383042,84,86,8,64,14,2,0.0851063829787234,0.0851063829787234
199,4.25,1252.545333,0.033470005,0.161363519,54,506.9,0.380076939,6.084308084,3.283870065,0.428035102,2.073525085,0.618514804,0.406928323,1.6745,0.5882,12,184.51965,74.40035,1014.682738,1250.180116,9.19250085,71.56043196356788,47.33848558907364,78,80,0,48,18,6,0.1081081081081081,0.1081081081081081
200,4.24,940.5126667,0.033470005,1.190498138,35,480.56,0.317153602,6.199781505,3.365504223,0.364088345,2.116175827,0.565180488,5.672940756,1.7834,0.5636,8,144.782513,59.647487,814.9717513,989.1872098,8.992610998,57.1842526480532,38.59055856651924,59,60,0,41,11,5,0.1186440677966101,0.1186440677966101
201,4.22,1085.621333,0.033470005,0.257691826,62,512.33,0.320583597,6.203990562,3.343190886,0.27565134,2.087344318,0.476471369,0.0,1.6799,0.62,16,143.338204,65.121796,768.5303768,1131.951868,11.31951868,60.53011728577886,43.13407942053416,62,70,0,38,8,4,0.1153846153846153,0.1153846153846153
202,4.21,997.0616667,0.077824564,0.221772796,64,504.17,0.363508198,6.399008851,3.453124886,0.177690351,2.197512242,0.496879909,0.093677959,1.1614,0.5556,10,143.426962,63.633038,861.6856064,1094.084044,10.13040782,60.8867962557038,44.69068713973892,44,46,6,32,12,2,0.1071428571428571,0.1071428571428571
203,4.2,1219.206333,0.077824564,0.054694886,64,503.34,0.342527947,6.182630985,3.295026733,0.397830464,1.967524674,0.524635523,1.081186094,1.709,0.6,14,155.158962,67.721038,866.8398491,1181.99267,10.74538791,63.63374239083635,42.69233450799732,64,66,0,40,10,6,0.1379310344827586,0.1379310344827586
204,4.2,647.6096667,0.033470005,0.506948122,48,494.78,0.494590615,6.457246932,3.520609123,1.193763505,2.405816127,0.563275691,0.10519154,1.1567,0.5946,6,97.351032,35.888968,582.19363,684.1177492,9.244834449,41.44551625449608,29.130848822457565,34,34,2,26,12,0,0.0476190476190476,0.0476190476190476
205,4.19,1391.941667,0.033470005,0.104219608,60,504.21,0.30793384,6.158107267,3.370130159,0.441368681,1.978659224,0.476199255,0.07,1.7301,0.6056,14,196.560478,79.759522,1093.369128,1434.08657,10.0992012,80.07887139157242,53.38855831416847,84,88,0,52,18,6,0.1025641025641025,0.1025641025641025
206,4.18,1077.497333,0.033470005,0.000272114,22,425.57,0.247161835,6.517980296,3.743470375,0.748857343,1.793751535,0.375789241,9.42369338,2.0513,0.4261,16,153.710927,64.223073,956.4970716,1097.143864,9.540381427,58.9972169575356,42.15016660179911,48,48,0,39,9,3,0.1111111111111111,0.1
207,4.18,1277.536667,0.033470005,0.069933262,52,465.31,0.355028042,6.363111047,3.560337747,0.51810479,1.990202003,0.489804948,0.56901565,1.8644,0.5606,12,181.710064,75.449936,1051.689615,1268.092289,9.606759763,69.25044426682615,46.30466969574607,60,60,2,44,14,4,0.1142857142857142,0.1142857142857142
208,4.18,567.303,0.033470005,1.817448472,34,491.54,0.287191689,6.445309569,3.525235059,0.729537259,2.298070091,0.471301206,0.402462396,1.2883,0.5303,6,79.524618,31.239382,460.8758298,526.1892573,7.972564505,33.012605538595885,24.278512794319383,25,27,1,19,6,0,0.2352941176470588,0.1764705882352941
209,4.16,1100.624667,0.077824564,0.067484237,64,452.02,0.352374659,6.602058581,3.68251687,0.511574057,2.044122671,0.425858191,0.263208397,1.9217,0.5098,16,145.925376,63.050624,852.5059769,1091.956918,10.70545998,56.359059861570366,39.69223803716026,52,54,2,40,6,2,0.0769230769230769,0.074074074074074
210,4.15,714.9,0.033470005,0.251161093,46,435.81,0.487093878,6.812504093,3.879255191,0.72110173,2.291923678,0.454430147,1.333100004,1.9827,0.5385,10,103.888618,42.867382,618.8915295,754.0612226,9.667451571,42.27394337924227,30.280330461199338,34,36,0,28,10,2,0.0952380952380952,0.0952380952380952
211,4.14,1107.407333,0.077824564,0.741510269,51,457.57,0.343438168,6.468342918,3.567412707,0.118913757,2.253686057,0.640011799,3.417769009,1.8391,0.5748,9,164.096271,62.483729,967.5876732,1086.300837,8.553549895,63.94696442584142,39.02307095665381,67,68,0,54,12,2,0.0294117647058823,0.0285714285714285
212,4.12,1340.840667,0.077824564,0.678651967,61,487.0,0.492616701,6.303858798,3.392715609,0.247351499,2.263164166,0.678924081,1.23269564,1.7044,0.5646,11,192.040408,75.319592,1114.439262,1260.317001,8.573585039,73.12742203744816,43.70609258964966,77,78,0,60,14,4,0.0512820512820512,0.05
213,4.09,1031.443,0.033470005,0.107484975,52,422.72,0.430323307,6.827289128,3.934766419,0.297964677,2.100623952,0.39402087,0.412992337,1.9958,0.4898,18,135.773376,69.814624,792.1906745,1059.936576,10.81567935,53.34501119110772,36.54529308158735,36,42,2,28,6,0,0.1739130434782608,0.1739130434782608
214,4.08,884.8766667,0.033470005,0.220140113,50,504.4,0.43329343,6.339424896,3.441151876,0.526812433,2.162160958,0.415789978,3.058442919,1.6956,0.6098,14,116.461032,54.014968,645.575962,909.9633004,11.09711342,47.71201802925228,34.13321415709118,50,54,0,32,6,2,0.0952380952380952,0.0952380952380952
215,4.07,891.7933333,0.033470005,0.050341064,48,439.21,0.545694686,6.606442335,3.709728256,0.446266731,2.142052754,0.518649018,0.566200141,1.9477,0.383,12,123.632548,57.223452,748.9465867,872.0999336,9.277658868,45.5637907905901,33.87657259936597,36,36,0,28,8,6,0.1818181818181818,0.1739130434782608
216,4.06,1270.799667,0.033470005,0.159730836,54,507.11,0.391898925,6.05931497,3.263461525,0.439463884,2.064357279,0.632936839,0.662213078,1.6775,0.5714,16,187.72765,81.34435,1049.843646,1314.159774,9.386855529,73.95129988934937,48.73597521899932,78,80,0,52,14,2,0.1081081081081081,0.1081081081081081
217,4.05,1006.662333,0.077824564,0.069116921,55,463.88,0.595306485,6.463017922,3.526051401,0.526268206,2.101591552,0.560826666,1.885138886,1.8839,0.4667,13,136.34372,69.39628,819.5450977,992.099282,9.44856459,52.39846907399964,37.85845309314991,35,35,4,24,8,6,0.2083333333333333,0.2083333333333333
218,4.04,999.6333333,0.077824564,0.196466207,64,505.25,0.343974505,6.288360553,3.348633164,0.216874747,2.187519987,0.588038052,0.047139474,1.162,0.5556,10,143.866134,63.193866,837.4153706,1022.121732,9.464090108,57.78257039007243,41.69724289574984,44,46,6,32,12,2,0.1071428571428571,0.1071428571428571
219,4.04,1064.099667,0.033470005,0.122723351,64,469.78,0.346474959,6.191654552,3.309720882,0.316468419,2.16446325,0.7676332,2.032567364,1.8984,0.6275,14,142.650962,61.769038,759.8176036,1022.061063,10.0202065,56.78308584111775,36.26394148840578,64,69,0,42,8,2,0.074074074074074,0.074074074074074
220,4.0,787.5,0.077824564,0.160819291,41,459.38,0.534066444,6.641705298,3.678707276,0.595385126,2.245168288,0.507764463,1.355981689,1.8484,0.5068,11,104.020618,50.919382,619.5965961,781.9480671,10.71161736,38.00439579702045,28.9402190770567,25,25,2,20,4,4,0.1764705882352941,0.1764705882352941
221,4.0,815.3533333,0.077824564,0.17061539,49,463.26,0.541196916,6.547145188,3.588365475,0.708040264,2.238298084,0.579330408,1.674612391,1.8642,0.5556,9,109.858204,43.861796,651.7756116,780.0591144,9.630359437,43.28070998895093,31.29422473776121,37,37,0,30,10,4,0.0909090909090909,0.0909090909090909
222,3.97,1205.661333,0.077824564,0.098505217,70,489.8,0.319934878,6.354477962,3.451220089,0.351843221,2.068435137,0.490077062,0.045162042,1.762,0.6481,16,158.29179,68.62821,876.7849801,1241.905512,11.49912511,64.79661906053506,45.7493211935583,70,74,0,46,8,4,0.0689655172413793,0.0689655172413793
223,3.97,578.9866667,0.033470005,1.315942628,28,482.95,0.502732261,6.348663433,3.397885772,0.436198518,2.436849802,0.696611482,1.858619714,1.1718,0.5735,5,87.493825,36.866175,527.712779,595.138819,8.752041456,34.519629873827206,25.45495911915061,28,28,3,26,3,0,0.0588235294117647,0.0555555555555555
224,3.96,1334.309667,0.033470005,0.000816342,27,434.07,0.205035889,6.520483744,3.712993622,0.539057557,1.768646758,0.337149073,7.762539194,1.9908,0.5161,16,175.034927,66.395073,1055.729201,1253.075333,10.10544624,67.48249833177418,43.892124950098975,63,63,0,51,9,3,0.0476190476190476,0.0434782608695652
225,3.95,1061.051667,0.077824564,0.046803584,63,479.59,0.388409337,6.819899876,3.872996572,0.382592088,2.113706761,0.126260831,2.143451873,1.721,0.4951,17,138.822169,60.483831,813.5212378,1023.091829,9.932930374,56.19729940349084,37.95785127698939,51,55,2,34,10,2,0.0980392156862745,0.0943396226415094
226,3.91,1162.997333,0.033470005,0.24952841,52,471.55,0.359017231,6.155004081,3.307543971,0.257691826,2.092609906,0.729265145,0.114357597,1.8915,0.5735,12,178.69365,75.12635,1001.914276,1228.238928,9.031168589,70.53435353906725,45.36678063597515,76,80,0,52,14,6,0.0833333333333333,0.0833333333333333
227,3.83,1004.873667,0.077824564,0.20299694,62,506.69,0.301221063,6.274796493,3.335027471,0.229391984,2.166995264,0.576065042,0.041600601,1.1615,0.5577,14,141.922962,67.573038,828.1028505,1066.024403,10.25023464,57.56379079059008,42.89545713153322,42,44,8,30,8,0,0.1153846153846153,0.1153846153846153
228,3.81,934.705,0.033470005,1.168456916,49,503.22,0.423612979,6.263466761,3.37938203,0.286808009,2.173791345,0.488172265,1.901242894,1.6897,0.5269,11,128.904962,60.755038,719.5878702,940.0176445,10.10771661,48.368356827699365,35.84969096273755,49,50,2,26,10,8,0.1739130434782608,0.1739130434782608
229,3.73,1049.906,0.077824564,0.210888242,64,503.88,0.365103329,6.365392177,3.425369272,0.1825884,2.189626136,0.527356661,0.030350947,1.16,0.5455,10,151.406134,71.593866,883.0371946,1181.954774,10.7450434,58.97800435296317,42.388008567678206,44,46,6,34,10,0,0.1071428571428571,0.1071428571428571
230,3.73,935.8616667,0.033470005,1.152674312,35,484.97,0.364938156,6.150094875,3.316251614,0.437286973,2.099312633,0.574704473,7.245519826,1.7393,0.5636,8,144.892306,59.537694,808.9041924,971.1966316,8.829060287,56.44863629616523,37.650781007923904,59,60,0,41,11,5,0.1186440677966101,0.1186440677966101
231,3.7,740.0126667,0.033470005,0.998657867,52,492.84,0.483771095,6.366097224,3.455846025,0.688175953,2.391247603,0.670488552,0.0,1.1534,0.6098,4,108.434204,38.165796,594.8032516,728.1592201,8.879990489,45.469377342132994,28.41846817491368,42,48,2,28,16,0,0.0416666666666666,0.0416666666666666
232,3.7,481.175,0.033470005,0.359190295,32,467.18,0.370933369,7.161336646,4.190281333,1.275125549,2.462097444,-0.017415287,3.078822999,1.7528,0.617,10,71.811516,43.018484,405.107055,539.9775549,11.48888415,28.74115490048825,21.85954126993737,28,30,0,16,4,0,0.0909090909090909,0.0833333333333333
233,3.66,1010.181333,0.077824564,0.19102393,64,504.62,0.341314864,6.259142327,3.321693892,0.222589138,2.181380475,0.614433096,0.032032015,1.1643,0.5455,12,145.470134,66.665866,854.9958245,1054.111561,9.582832372,58.97800435296317,42.388008567678206,44,46,6,34,10,0,0.1071428571428571,0.1071428571428571
234,3.54,933.73,0.033470005,1.202471148,35,481.23,0.446227002,6.149020025,3.307271857,0.346400944,2.18024769,0.675930829,2.553340075,1.7374,0.5636,8,145.002099,59.427901,802.8366334,953.2060534,8.665509576,55.67257982975739,36.7066078137845,59,60,0,41,11,5,0.1186440677966101,0.1186440677966101
235,3.53,1096.017333,0.077824564,0.671849121,51,452.19,0.398806808,6.451366551,3.548364737,0.118369529,2.296196688,0.736340106,1.032688186,1.8506,0.5748,9,164.206064,62.373936,961.5201142,1068.310259,8.411891799,63.17090795943358,38.06574309961273,67,68,0,54,12,2,0.0294117647058823,0.0285714285714285
236,3.51,1151.686667,0.033470005,0.269120608,52,462.64,0.383803266,6.157991619,3.316523728,0.161635633,2.091791776,0.77470816,0.949459862,1.9145,0.5735,12,178.913236,74.906764,989.7791581,1192.257772,8.766601262,68.98224060625154,43.46036238924712,76,80,0,52,14,6,0.0833333333333333,0.0833333333333333
237,3.5,950.3766667,0.033470005,0.253882232,60,484.33,0.420518501,6.367589496,3.502921722,0.479736736,2.144820474,0.492253973,0.0,1.743,0.6818,14,130.896618,55.243382,699.5955968,977.9364568,11.11291428,51.7358791168892,36.76549960630095,60,64,2,36,8,2,0.0416666666666666,0.0416666666666666
238,3.45,468.9986667,0.033470005,1.316214742,32,450.49,0.529504183,6.571127398,3.589181816,0.99675307,2.58196854,0.817974264,0.048,1.3199,0.5,4,75.707032,34.152968,449.3788608,508.12792,8.468798667,29.121995338337065,22.100570696208976,22,22,2,18,6,2,0.1333333333333333,0.1333333333333333
239,3.4,610.24,0.077824564,0.110478227,37,415.51,0.675538712,7.283464884,4.277629882,0.578786181,2.397176344,0.240276539,2.195914903,2.0344,0.4098,9,85.67586,34.64414,529.5486772,620.0291516,10.16441232,31.85296320716053,25.37259559903229,25,25,0,18,6,4,0.1428571428571428,0.125
240,3.4,1088.806667,0.077824564,0.992943476,47,454.56,0.331989794,6.203078436,3.299652669,0.104491722,2.170606624,0.869948011,0.1009,1.8902,0.5748,9,161.60365,66.71235,933.0609123,1050.30959,8.270154251,61.578354912098014,36.74507905380462,67,68,0,58,8,0,0.0294117647058823,0.0294117647058823
241,3.34,1046.473667,0.033470005,0.055511227,54,446.11,0.514061994,6.487380276,3.6085019,0.414701523,2.089080906,0.567901626,0.111063495,1.9296,0.3889,16,143.72372,69.62828,855.5351651,1044.065205,9.667270417,53.80643147770937,38.55539924993062,42,44,2,28,10,6,0.2,0.1923076923076923
242,3.3,1407.124,0.033470005,0.044354559,56,485.2,0.435642317,6.203415858,3.394348292,0.500689503,1.925697166,0.49905682,1.328541497,1.7834,0.4745,14,186.500822,86.389178,1073.258462,1302.083381,9.504258255,68.67032086655843,47.01858306627661,52,52,2,36,12,10,0.2238805970149253,0.2238805970149253
243,3.27,665.2766667,0.077824564,0.219323771,37,449.01,0.52794361,6.735118721,3.744014603,0.751306368,2.338131968,0.535520077,1.051578361,1.8939,0.3521,11,94.024618,44.731382,582.5809521,686.0496123,9.662670596,34.900169931389065,27.51961898280145,25,25,2,18,6,4,0.1875,0.1764705882352941
244,3.26,929.6526667,0.033470005,0.239460197,61,457.82,0.598100822,6.51482051,3.615032633,0.480280963,2.426361185,0.709400834,1.989984307,1.8165,0.5876,13,133.341376,57.718624,760.6544689,972.0631713,10.02126981,53.68511113414972,35.326067699562024,45,50,2,32,10,0,0.08,0.08
245,3.24,942.1426667,0.033470005,0.309937687,58,492.71,0.499048112,6.458000143,3.581290514,0.403000627,2.312295821,0.55266325,0.124151118,1.6605,0.6531,16,132.31579,61.51621,755.2298933,1002.055109,10.22505213,56.54044515399844,37.746389652628906,50,52,4,30,10,4,0.12,0.12
246,3.23,794.6323333,0.077824564,0.126805059,43,478.62,0.466066551,6.604108959,3.648774751,0.839199145,2.104993093,0.275379227,1.315330989,1.8054,0.4366,11,100.026239,41.823761,593.7485526,729.0277717,10.26799679,38.20499369402098,28.20907091643586,31,33,0,22,6,4,0.1515151515151515,0.1351351351351351
247,3.2,958.7043333,0.033470005,0.664774161,68,510.38,0.457584218,6.21066742,3.313258362,0.333611593,2.310863032,0.677019284,0.117116481,1.1136,0.5536,10,138.28372,56.78828,845.193304,940.300933,8.395544045,58.41607900297319,35.66994092334797,46,46,2,42,10,0,0.0689655172413793,0.0666666666666666
248,3.19,1070.060333,0.033470005,0.257691826,62,503.87,0.445892302,6.099079785,3.237338595,0.267760038,2.110886047,0.646542532,0.848683716,1.6815,0.62,16,143.777376,64.682624,744.260141,1059.989555,10.59989555,57.50677164918723,39.38903314166923,62,70,0,38,8,4,0.1153846153846153,0.1153846153846153
249,3.14,1046.473667,0.077824564,0.055511227,54,446.11,0.514061994,6.487380276,3.549181079,0.414701523,2.089080906,0.627222448,0.111063495,1.9296,0.3889,16,143.72372,69.62828,855.5351651,1044.065205,9.667270417,53.80643147770937,38.55539924993062,42,44,2,28,10,6,0.2,0.1923076923076923
250,3.09,1259.803667,0.033470005,0.194017182,74,527.33,0.363183838,6.168304462,3.319244867,0.183404742,2.112853724,0.50966926,0.035552918,1.1288,0.5469,12,171.700478,76.139522,990.3345181,1214.128474,9.485378703,67.81996469712671,47.04809323377158,54,56,4,42,12,4,0.1212121212121212,0.1212121212121212
251,3.07,1400.469,0.077824564,0.173608643,71,507.48,0.477960648,6.269498436,3.365776337,0.269664836,2.102370191,0.531982597,0.695304171,1.6835,0.4574,19,177.060478,81.835522,1034.802539,1286.044687,9.969338659,66.63181279498993,45.930655689364905,59,60,2,38,12,8,0.1612903225806451,0.15625
252,3.04,617.281,0.033470005,1.717310572,32,462.19,0.521825402,6.48655305,3.519248554,1.632411047,2.585749502,0.849267358,0.0,1.1998,0.2778,4,123.764408,66.255592,726.1146243,732.378321,6.78128075,41.12520068953479,33.12785661119812,22,22,2,14,10,12,0.4347826086956521,0.4347826086956521
253,2.7,283.91,0.077824564,1.659894547,22,520.6,0.151520698,6.340607638,3.101009551,1.505605989,2.877901477,0.867498986,0.0,1.0544,0.6111,0,46.075102,14.044898,243.7847907,278.1095504,7.72526529,18.22301585277072,12.295855406757326,22,26,0,14,8,0,0.0,0.0
254,2.59,375.1253333,0.077824564,0.741510269,25,440.92,0.168806922,6.917186567,3.85313226,1.455537038,2.738448036,0.722462299,18.40674181,1.7498,0.4423,4,63.194653,24.785347,396.8358487,403.1684623,7.753239659,24.648344127630025,19.905180333994387,12,12,0,12,7,3,0.24,0.2222222222222222
255,2.56,1423.150333,0.033470005,0.222861252,66,547.72,0.463761203,6.251163405,3.403872277,0.192928727,2.062084371,0.302318499,1.989484139,1.1043,0.6,0,38.061516,12.038484,203.1302267,228.0939004,7.603130013,14.72792206135786,10.639239020930187,18,21,0,12,6,0,0.0,0.0
256,2.1,375.0286667,0.077824564,0.000272114,30,467.38,0.118252248,6.752538362,3.604148078,2.184802184,2.706509133,0.666406844,1.15695598,1.5791,0.5429,6,92.860618,41.079382,535.7505263,646.0877121,9.229824458,36.11218292116276,26.32622529236981,32,32,2,24,6,2,0.1111111111111111,0.1111111111111111
257,1.74,435.703,0.077824564,2.074051843,20,448.11,0.374210164,6.815126454,3.760885662,1.424788172,2.475009831,0.558377641,3.070109309,1.4173,0.371,5,74.400204,34.539796,453.5998362,464.2034679,7.487152708,26.57051477383637,21.85664000648653,17,17,1,14,2,6,0.3703703703703703,0.2758620689655172
258,1.54,351.5596667,0.077824564,0.748857343,25,436.05,0.184363943,7.043788357,3.956535527,1.422067033,2.782399767,0.654433834,4.599248453,1.777,0.4167,4,58.521067,22.778933,374.6003372,377.1528122,7.857350255,22.676853698331445,19.289409040021173,12,12,0,13,6,2,0.1739130434782608,0.16
259,1.34,760.187,0.077824564,1.974730284,33,520.25,0.441313714,6.135829306,3.170942813,0.893621917,2.308062539,0.808722393,3.283919874,1.2684,0.2273,2,110.992478,81.947522,623.2833754,622.2579465,7.071113029,32.203391018422124,25.58247330481285,20,24,0,10,8,14,0.4705882352941176,0.4210526315789473
260,0.5,475.5143333,0.077824564,2.018812729,26,598.59,0.210358708,6.162820824,3.062641497,1.566287379,2.475103542,0.487900151,0.000608276,0.7555,0.3438,0,84.50379,60.97621,477.2164972,470.188604,7.346696938,27.500048504517103,20.065684841269515,22,26,0,12,10,0,0.2142857142857142,0.1875
